id,class_number,discipline_id,professor,created_at,semester
530c21c2-3885-4282-abb7-35732c3a9290,31,CEA038,KARLA MOREIRA VIEIRA(T),2023-07-24 18:08:14.071088,23.1
8f42448f-95af-4150-96f0-78bf65c60acf,32,CEA038,KARLA MOREIRA VIEIRA(T),2023-07-24 18:08:14.071088,23.1
bb10f60d-858f-4124-a3e1-091364a900a4,33,CEA038,LUCILIA ALVES LINHARES(T),2023-07-24 18:08:14.071088,23.1
f84a5889-9bc3-4068-aa85-3491f2c0edf4,31,CEA039,LUCILIA ALVES LINHARES(P),2023-07-24 18:08:14.071088,23.1
3656441c-8405-4690-9a03-92326b4e0938,32,CEA039,FERNANDA TATIA CRUZ(P),2023-07-24 18:08:14.071088,23.1
7da42777-0405-455a-828f-0a623e2c8969,33,CEA039,FERNANDA TATIA CRUZ(P),2023-07-24 18:08:14.071088,23.1
b239209e-e698-423c-809a-3bc4f9f40547,34,CEA039,KARLA MOREIRA VIEIRA(P),2023-07-24 18:08:14.071088,23.1
d4ff0ece-6297-4949-9c3c-1c00f25f252f,35,CEA039,LUCILIA ALVES LINHARES(P),2023-07-24 18:08:14.071088,23.1
5f7e9f0a-f139-4931-b123-118a1db67aca,36,CEA039,KARLA MOREIRA VIEIRA(P),2023-07-24 18:08:14.071088,23.1
878298df-40a7-4100-8e19-ce334cc1852f,31,CEA049,HUGO FONSECA ARAUJO(T),2023-07-24 18:08:14.071088,23.1
3f5a77e8-b85f-4ba4-84ec-e28489007c04,32,CEA049,RAFAEL SANTOS THEBALDI(T),2023-07-24 18:08:14.071088,23.1
04e8546a-5947-4af8-b78e-9a96066e80f5,33,CEA049,DANILO SANCAO DA SILVEIRA(T),2023-07-24 18:08:14.071088,23.1
3e706605-fe7b-416a-911f-71c6803f9de2,31,CEA050,HENRIQUE FERNANDES VIEIRA VICTORIA(T),2023-07-24 18:08:14.071088,23.1
750af10a-3539-48b0-9c46-0e67598a3b2e,32,CEA050,FREDDY PABLO CASTRO VICENTE(T),2023-07-24 18:08:14.071088,23.1
8251415b-8e8b-4b8e-83c7-6c55111747b0,33,CEA050,RAFAEL SANTOS THEBALDI(T),2023-07-24 18:08:14.071088,23.1
f9cae33e-b8ee-484b-b0d9-5f571529a6bd,31,CEA051,FELIPO BACANI(T),2023-07-24 18:08:14.071088,23.1
e098c178-c338-4866-934a-728f057d2533,32,CEA051,JENNYFFER SMITH BOHORQUEZ BARRERA(T) / RAFAEL SANTOS THEBALDI(T),2023-07-24 18:08:14.071088,23.1
ea6f132b-ce73-48b6-9f92-d868ee051c12,33,CEA051,HUGO FONSECA ARAUJO(T) / JENNYFFER SMITH BOHORQUEZ BARRERA(T),2023-07-24 18:08:14.071088,23.1
cb6f3781-d43c-48b0-be55-509b60c52498,31,CEA052,FREDDY PABLO CASTRO VICENTE(T),2023-07-24 18:08:14.071088,23.1
6f7b5a48-cc9c-455e-a1b5-e03859e67506,32,CEA052,CRISTIANO SANTOS BENJAMIN(T),2023-07-24 18:08:14.071088,23.1
5322cdc6-17bf-4845-9cb9-f0cbe7701784,33,CEA052,ANLIY NATSUYO NASHIMOTO SARGEANT(T),2023-07-24 18:08:14.071088,23.1
d280dd2a-8b42-41f9-bbf3-503465bb2fd4,11,CEA053,FELIPO BACANI(T),2023-07-24 18:08:14.071088,23.1
6b11838f-14df-4bf7-a749-6c8b8d8dc7c6,11,CEA054,DANILO SANCAO DA SILVEIRA(T),2023-07-24 18:08:14.071088,23.1
e4f3276b-6707-4497-9430-b0220cca1349,31,CEA055,FELIPO BACANI(T),2023-07-24 18:08:14.071088,23.1
f2223cc5-846d-4a05-a3d6-bee5c5a7e986,32,CEA055,ANLIY NATSUYO NASHIMOTO SARGEANT(T),2023-07-24 18:08:14.071088,23.1
c3309aac-0c07-4047-a8d8-88df3cb2ac0c,33,CEA055,MARCOS GOULART LIMA(T),2023-07-24 18:08:14.071088,23.1
d4769780-557b-4a37-a516-6b460fd64deb,31,CEA056,CRISTIANO SANTOS BENJAMIN(T),2023-07-24 18:08:14.071088,23.1
b515a806-67e1-4590-a89f-0a98db3e741c,32,CEA056,HUGO FONSECA ARAUJO(T),2023-07-24 18:08:14.071088,23.1
15f9165b-b5e4-4aa0-9a9a-43c861fc60ac,33,CEA056,FREDDY PABLO CASTRO VICENTE(T),2023-07-24 18:08:14.071088,23.1
9e948e06-c6e6-4718-bee7-00b675ff93c4,11,CEA057,CARLOS RENATO PONTES(T),2023-07-24 18:08:14.071088,23.1
207b0747-8f79-4d9f-99e9-0321cef3764b,11,CEA058,MARCOS GOULART LIMA(T+P),2023-07-24 18:08:14.071088,23.1
106cffe9-1697-4d86-9b45-011b5ec7c331,11,CEA059,DANILO SANCAO DA SILVEIRA(T),2023-07-24 18:08:14.071088,23.1
16a7cee2-773a-4cf8-83ca-3cf14afd932d,11,CEA060,HENRIQUE FERNANDES VIEIRA VICTORIA(T),2023-07-24 18:08:14.071088,23.1
cceaee39-97b4-4fb4-be85-b2327d6420ca,31,CEA061,FERNANDA TATIA CRUZ(T+P),2023-07-24 18:08:14.071088,23.1
467c3a37-10a5-4e42-802f-3295271b7625,32,CEA061,ADAM JAMES SARGEANT(T+P),2023-07-24 18:08:14.071088,23.1
9777906f-5ef3-426a-bddf-ceb936d4fc44,33,CEA061,ADAM JAMES SARGEANT(T+P),2023-07-24 18:08:14.071088,23.1
f9bca9b9-cbb4-465d-85b8-7c78c89cab65,31,CEA062,RONAN SILVA FERREIRA(T+P),2023-07-24 18:08:14.071088,23.1
f0750e6b-7125-4098-acf0-b7b80d328206,32,CEA062,ADAM JAMES SARGEANT(T+P),2023-07-24 18:08:14.071088,23.1
8f04866d-37ef-41ac-8299-db92b6bc488e,33,CEA062,RONAN SILVA FERREIRA(T+P),2023-07-24 18:08:14.071088,23.1
21f7f6d4-150c-464c-a36b-58e7b5543b7f,31,CEA063,JUVENIL SIQUEIRA DE OLIVEIRA FILHO(T+P),2023-07-24 18:08:14.071088,23.1
fb55a635-4499-41e1-aade-cba5d3a6a7c3,32,CEA063,CARLOS RENATO PONTES(T+P),2023-07-24 18:08:14.071088,23.1
92e56c58-7508-4fde-9a31-91ff7d791c40,33,CEA063,JUVENIL SIQUEIRA DE OLIVEIRA FILHO(T+P),2023-07-24 18:08:14.071088,23.1
e5f7c728-d94a-44fc-be22-3af08c000787,21,CEA064,HENRIQUE FERNANDES VIEIRA VICTORIA(T+P),2023-07-24 18:08:14.071088,23.1
c945133e-0cfc-471a-b757-fd9ca2ff7f9f,22,CEA064,CARLOS RENATO PONTES(T+P),2023-07-24 18:08:14.071088,23.1
b0f31cca-256b-4c41-af16-633be96d0940,11,CEA065,JUVENIL SIQUEIRA DE OLIVEIRA FILHO(T),2023-07-24 18:08:14.071088,23.1
21849922-e12c-4e2e-8c49-4b034c2ce4a6,21,CEA066,,2023-07-24 18:08:14.071088,23.1
502d5248-ec13-4081-b869-06d7f2f53c93,22,CEA066,LUCILIA ALVES LINHARES(T),2023-07-24 18:08:14.071088,23.1
2dd480d1-2945-4335-80b8-a17c8d21fc6c,11,CEA067,KARLA MOREIRA VIEIRA(T),2023-07-24 18:08:14.071088,23.1
3ffe8da8-679a-481f-ba80-cf3cdd432419,11,CSI002,HELEN DE CASSIA SOUSA DA COSTA LIMA(T+P),2023-07-24 18:08:14.071088,23.1
b62e4971-b15b-42ce-bf62-288449e2a7ef,11,CSI009,FERNANDO BERNARDES DE OLIVEIRA(T),2023-07-24 18:08:14.071088,23.1
6974bdbe-25a3-453d-8208-7c2b69b9106f,11,CSI011,LUIZ OTAVIO MENEZES TELES(T),2023-07-24 18:08:14.071088,23.1
5f8afdcf-08dc-469e-96bc-96d6d756771a,12,CSI011,LUIZ OTAVIO MENEZES TELES(T),2023-07-24 18:08:14.071088,23.1
29f7deff-5c4e-4226-8eea-62a72c7f31b3,21,CSI030,FERNANDO BERNARDES DE OLIVEIRA(T+P),2023-07-24 18:08:14.071088,23.1
a7f07c65-097a-4255-be37-318fe95870bf,22,CSI030,TIAGO FRANCA MELO DE LIMA(T+P),2023-07-24 18:08:14.071088,23.1
824ae821-e640-44cc-bb23-daadccc999d8,23,CSI030,BRUNO CESAR COTA CONCEICAO(T+P),2023-07-24 18:08:14.071088,23.1
45bdc203-b178-40b5-b099-79184c69c0a8,11,CSI032,RAFAEL FREDERICO ALEXANDRE(T+P),2023-07-24 18:08:14.071088,23.1
3171935d-0716-493d-939d-91fba086f07b,11,CSI101,BRUNO CESAR COTA CONCEICAO(T+P),2023-07-24 18:08:14.071088,23.1
0c8f1f05-0713-4394-8c83-9869028768b9,12,CSI101,BRUNO CESAR COTA CONCEICAO(T+P),2023-07-24 18:08:14.071088,23.1
81268e5b-ba57-4b23-b413-043153b633cf,11,CSI102,RAFAEL FREDERICO ALEXANDRE(T+P),2023-07-24 18:08:14.071088,23.1
66156c86-a92b-4256-8cd4-2140317ac599,11,CSI103,MATEUS FERREIRA SATLER(T+P),2023-07-24 18:08:14.071088,23.1
99a3ae83-c1c9-4f3a-849f-61193167632f,12,CSI103,MATEUS FERREIRA SATLER(T+P),2023-07-24 18:08:14.071088,23.1
fea115e3-de5d-45b1-9d6e-2a9b1948d83d,11,CSI104,TATIANA ALVES COSTA(T+P),2023-07-24 18:08:14.071088,23.1
03488cd6-1d4a-49bf-93aa-561d26087e1e,11,CSI105,GEORGE HENRIQUE GODIM DA FONSECA(T+P),2023-07-24 18:08:14.071088,23.1
27947c7d-06ea-4b95-a63f-d6049842dad8,11,CSI106,CAIO AUGUSTO RODRIGUES DOS SANTOS(T),2023-07-24 18:08:14.071088,23.1
4325046b-8f20-42e9-8067-5820e1b003f8,11,CSI107,LUIZ CARLOS BAMBIRRA TORRES(T),2023-07-24 18:08:14.071088,23.1
50028dcb-4b7a-4be1-aa69-d6d0b02d50e9,21,CSI148,DARLAN NUNES DE BRITO(T+P),2023-07-24 18:08:14.071088,23.1
cb44ec63-b425-4c55-8abc-a8224ccc805e,22,CSI148,DARLAN NUNES DE BRITO(T+P),2023-07-24 18:08:14.071088,23.1
28a6dfbe-0304-48de-82a1-ca35977706ee,11,CSI201,ROBERTO GOMES RIBEIRO(T) / SAMUEL SOUZA BRITO(T),2023-07-24 18:08:14.071088,23.1
bbc015b3-406e-46e5-b44b-caf2b108dae5,11,CSI202,CARLOS HENRIQUE GOMES FERREIRA(T),2023-07-24 18:08:14.071088,23.1
523220a2-fb20-4978-8dd2-d832ea31759f,21,CSI203,HARLEI MIGUEL DE ARRUDA LEITE(T+P),2023-07-24 18:08:14.071088,23.1
053f3dae-e4eb-456b-a076-2bb297a2b229,22,CSI203,EDUARDO DA SILVA RIBEIRO(T+P),2023-07-24 18:08:14.071088,23.1
8d6aec46-fa77-4374-a327-0e1fdbd342a9,11,CSI204,SAMUEL SOUZA BRITO(T),2023-07-24 18:08:14.071088,23.1
661cc701-d653-4816-a5a5-aa0e7602ef05,11,CSI301,FILIPE NUNES RIBEIRO(T+P),2023-07-24 18:08:14.071088,23.1
714055d7-b6e0-445e-b8fa-0497bec6f7a5,11,CSI302,THEO SILVA LINS(T+P),2023-07-24 18:08:14.071088,23.1
13936a73-27b0-40f2-9f80-4ff831e293ae,11,CSI303,JANNIELE APARECIDA SOARES ARAUJO(T),2023-07-24 18:08:14.071088,23.1
1774fd79-c0c5-4563-a788-0e6ab4c0d55a,11,CSI305,THEO SILVA LINS(T),2023-07-24 18:08:14.071088,23.1
b0dd1281-8634-4e9f-ad15-ac6ebe38153b,11,CSI403,EULER HORTA MARINHO(T),2023-07-24 18:08:14.071088,23.1
892dcbe3-4008-49cd-8004-ef6b3bca52d0,11,CSI404,IGOR MUZETTI PEREIRA(T),2023-07-24 18:08:14.071088,23.1
40ceec6c-7f55-4bf6-ba59-4cac8c5501f6,11,CSI405,DIEGO ZUQUIM GUIMARAES GARCIA(T),2023-07-24 18:08:14.071088,23.1
8afc2cd9-486a-4820-805c-08c210e4d50d,11,CSI406,DIEGO ZUQUIM GUIMARAES GARCIA(T),2023-07-24 18:08:14.071088,23.1
91765cb9-56d7-4c86-a6db-99533b7f9cf1,11,CSI407,IGOR MUZETTI PEREIRA(T),2023-07-24 18:08:14.071088,23.1
7bf4799f-b3f1-44cc-b1c9-73f47e8ece94,11,CSI408,EULER HORTA MARINHO(T),2023-07-24 18:08:14.071088,23.1
06da598f-1e25-4fb7-85a3-f6941ff8d7d8,11,CSI419,LUIZ CARLOS BAMBIRRA TORRES(T),2023-07-24 18:08:14.071088,23.1
33d93252-04a0-4a07-9858-6afdc089e2b0,11,CSI427,CARLOS HENRIQUE GOMES FERREIRA(T),2023-07-24 18:08:14.071088,23.1
51d10e17-0bdd-491f-abe2-b79a8d43bfb0,11,CSI428,GILDA APARECIDA DE ASSIS(T+P),2023-07-24 18:08:14.071088,23.1
207ee30f-291c-4965-b583-cb7e05d179e0,11,CSI429,TATIANA ALVES COSTA(T),2023-07-24 18:08:14.071088,23.1
316c39fd-be4d-425c-8ace-18307a8a5078,11,CSI433,THEO SILVA LINS(T),2023-07-24 18:08:14.071088,23.1
7a21fafd-b9b9-47e5-a852-ae1a38b1934a,11,CSI437,SAMUEL SOUZA BRITO(T),2023-07-24 18:08:14.071088,23.1
0ad653db-147d-4594-af0d-045292113aee,11,CSI440,BRUNO RABELLO MONTEIRO(T),2023-07-24 18:08:14.071088,23.1
a41c071b-5848-446e-9959-e61b4ecedb6f,11,CSI443,LUIZ OTAVIO MENEZES TELES(T),2023-07-24 18:08:14.071088,23.1
db0d0ba9-ada1-4798-b5bb-7c495f54d434,12,CSI443,LUIZ OTAVIO MENEZES TELES(T),2023-07-24 18:08:14.071088,23.1
25565616-e08e-4ff1-887e-8b3457452ffd,11,CSI450,DIEGO ZUQUIM GUIMARAES GARCIA(T),2023-07-24 18:08:14.071088,23.1
a4058654-a5fa-44fe-9bfb-d0d21b4790ed,11,CSI457,TALLES HENRIQUE DE MEDEIROS(T),2023-07-24 18:08:14.071088,23.1
2167ce61-aa75-48fe-948e-c4f2bcf428ab,11,CSI466,GEORGE HENRIQUE GODIM DA FONSECA(T),2023-07-24 18:08:14.071088,23.1
f1cddea1-e77e-49da-9894-59620c44804f,11,CSI476,CAIO AUGUSTO RODRIGUES DOS SANTOS(T),2023-07-24 18:08:14.071088,23.1
a4bc0bd9-7e9f-493e-b834-be647bbce4af,11,CSI485,EULER HORTA MARINHO(T),2023-07-24 18:08:14.071088,23.1
9159e485-b714-46bd-a370-2ecdc518a0f3,21,CSI488,ALEXANDRE MAGNO DE SOUSA(T+P),2023-07-24 18:08:14.071088,23.1
26b36d24-3c29-4fcb-aeb8-2d0159404f27,22,CSI488,ALEXANDRE MAGNO DE SOUSA(T+P),2023-07-24 18:08:14.071088,23.1
02afc9b2-31ed-473d-9054-01689ea41369,23,CSI488,MATEUS FERREIRA SATLER(T+P),2023-07-24 18:08:14.071088,23.1
56e2e0f4-6cff-4ee5-8161-7c4645222344,11,CSI491,BRUNO CESAR COTA CONCEICAO(T),2023-07-24 18:08:14.071088,23.1
d5c85e09-2f49-4c27-b4a0-94d1fcda7147,11,CSI495,ALEXANDRE MAGNO DE SOUSA(P) / BRUNO RABELLO MONTEIRO(P) / FERNANDO BERNARDES DE OLIVEIRA(P) / GEORGE HENRIQUE GODIM DA FONSECA(P) / GLAUCO FERREIRA GAZEL YARED(P) / RAFAEL FREDERICO ALEXANDRE(P) / RONAN SILVA FERREIRA(P) / SARAH NEGREIROS DE CARVALHO LEITE(P) / TALLES HENRIQUE DE MEDEIROS(P) / THEO SILVA LINS(P) / WELBERT ALVES RODRIGUES(P),2023-07-24 18:08:14.071088,23.1
58c1e879-c4b5-47ed-b566-5f43724b0106,11,CSI496,ALINE ROCHA DE ASSIS(P) / DIEGO ZUQUIM GUIMARAES GARCIA(P) / FILIPE NUNES RIBEIRO(P) / GEORGE HENRIQUE GODIM DA FONSECA(P) / HELEN DE CASSIA SOUSA DA COSTA LIMA(P) / MARLON PAOLO LIMA(P) / RONAN SILVA FERREIRA(P) / TALLES HENRIQUE DE MEDEIROS(P) / THEO SILVA LINS(P),2023-07-24 18:08:14.071088,23.1
14214a39-3d53-4185-9527-874ccc7719a2,11,CSI504,TIAGO FRANCA MELO DE LIMA(T),2023-07-24 18:08:14.071088,23.1
2d950872-f87c-45b5-83c1-5a3d429e7afa,11,CSI506,LUIZ CARLOS BAMBIRRA TORRES(T) / ROBERTO GOMES RIBEIRO(T),2023-07-24 18:08:14.071088,23.1
901f5165-b956-4d85-862f-bc7c24528f30,11,CSI507,TIAGO FRANCA MELO DE LIMA(T),2023-07-24 18:08:14.071088,23.1
e405e5a0-422c-4767-b1f1-1b285a291985,11,CSI508,GILDA APARECIDA DE ASSIS(T),2023-07-24 18:08:14.071088,23.1
5bb403e5-c987-48eb-a6c6-0b2642dfc237,11,CSI509,HARLEI MIGUEL DE ARRUDA LEITE(T),2023-07-24 18:08:14.071088,23.1
4224c2c2-0796-4db2-b8c4-f55ef8fb74eb,11,CSI510,DARLAN NUNES DE BRITO(P) / MARLON PAOLO LIMA(T+P),2023-07-24 18:08:14.071088,23.1
a6244303-877e-4725-8752-ddbec06d2621,11,CSI546,CAIO AUGUSTO RODRIGUES DOS SANTOS(T),2023-07-24 18:08:14.071088,23.1
d240b44c-036f-451b-aa3e-8ea161f17290,21,CSI548,FILIPE NUNES RIBEIRO(T+P),2023-07-24 18:08:14.071088,23.1
f6ae4577-d1e5-41fd-b3ae-85e0e85f9dd6,22,CSI548,EDUARDO DA SILVA RIBEIRO(T) / FILIPE NUNES RIBEIRO(T+P),2023-07-24 18:08:14.071088,23.1
c9df8078-85dd-4757-ba73-109c00b36c19,11,CSI601,JANNIELE APARECIDA SOARES ARAUJO(T),2023-07-24 18:08:14.071088,23.1
5c61fb5f-4841-4de3-9c2b-4093c1eccb9a,11,CSI602,BRUNO RABELLO MONTEIRO(T),2023-07-24 18:08:14.071088,23.1
7c7707d6-32e5-490f-b8d7-9e573ff59839,11,CSI603,BRUNO RABELLO MONTEIRO(T),2023-07-24 18:08:14.071088,23.1
b232bfea-26d8-4599-acd8-09617b45afc8,11,CSI605,HELEN DE CASSIA SOUSA DA COSTA LIMA(T+P),2023-07-24 18:08:14.071088,23.1
7a7a151f-3aaa-492f-9828-d45a228a6286,11,CSI606,FERNANDO BERNARDES DE OLIVEIRA(T+P),2023-07-24 18:08:14.071088,23.1
d4d42771-f510-4777-bd73-2b984aaa47ca,11,CSI609,HELEN DE CASSIA SOUSA DA COSTA LIMA(T+P),2023-07-24 18:08:14.071088,23.1
8833f84f-3382-44cf-b3d6-239fd66e72e2,11,CSI693,ALEXANDRE MAGNO DE SOUSA(T),2023-07-24 18:08:14.071088,23.1
9ddb01b6-345c-48a7-a31a-d2840ffd4e0e,11,CSI701,TALLES HENRIQUE DE MEDEIROS(T),2023-07-24 18:08:14.071088,23.1
49285f05-3720-49a9-990f-5a112613d411,11,CSI702,TATIANA ALVES COSTA(T+P),2023-07-24 18:08:14.071088,23.1
fb809e3f-e34d-4fe4-9d39-d79b72ca83ff,11,CSI703,JANNIELE APARECIDA SOARES ARAUJO(T+P) / ROBERTO GOMES RIBEIRO(T+P),2023-07-24 18:08:14.071088,23.1
1c2bca20-cb53-4fbc-b009-c0093b9dcff5,11,CSI704,TALLES HENRIQUE DE MEDEIROS(T),2023-07-24 18:08:14.071088,23.1
978b85c7-d167-4db4-8261-a4275d9a9307,11,CSI705,EDUARDO DA SILVA RIBEIRO(T),2023-07-24 18:08:14.071088,23.1
43373fd4-0625-407c-b48b-4af2bb0dfa18,11,CSI801,LUCINEIA SOUZA MAIA(T),2023-07-24 18:08:14.071088,23.1
8a8bb4d4-092e-45a8-b1c0-8f853c646b27,11,CSI802,LUCINEIA SOUZA MAIA(T),2023-07-24 18:08:14.071088,23.1
50cfaee5-4914-45ab-8cfa-2e9ac528ccea,11,CSI901,BRUNO CESAR COTA CONCEICAO(T),2023-07-24 18:08:14.071088,23.1
a05fc0f6-418c-4ee7-bf45-f33cc966d0be,11,CSI902,CARLOS HENRIQUE GOMES FERREIRA(T),2023-07-24 18:08:14.071088,23.1
6bf84ae6-45ce-4d3a-9455-d5f6280d4d64,11,CSI998,ALEXANDRE MAGNO DE SOUSA(P) / BRUNO RABELLO MONTEIRO(P) / EULER HORTA MARINHO(P) / FERNANDO BERNARDES DE OLIVEIRA(P) / GILDA APARECIDA DE ASSIS(P) / HELEN DE CASSIA SOUSA DA COSTA LIMA(P) / IGOR MUZETTI PEREIRA(P) / JANNIELE APARECIDA SOARES ARAUJO(P) / LUCIANA PAULA REIS(P) / LUCINEIA SOUZA MAIA(P) / RAFAEL FREDERICO ALEXANDRE(P) / THEO SILVA LINS(P) / TIAGO FRANCA MELO DE LIMA(P),2023-07-24 18:08:14.071088,23.1
b24f2b9d-a05b-4f8f-82c7-21225c64ff20,11,CSI999,ALEXANDRE MAGNO DE SOUSA(P) / EVA BESSA SOARES(P) / FERNANDO BERNARDES DE OLIVEIRA(P) / FILIPE NUNES RIBEIRO(P) / GEORGE HENRIQUE GODIM DA FONSECA(P) / IGOR MUZETTI PEREIRA(P) / JUNE MARQUES FERNANDES(P) / LUCINEIA SOUZA MAIA(P) / MATEUS FERREIRA SATLER(P) / RAFAEL FREDERICO ALEXANDRE(P) / THEO SILVA LINS(P) / TIAGO FRANCA MELO DE LIMA(P),2023-07-24 18:08:14.071088,23.1
07ff552b-f6e4-40b4-a922-c1e75f8a590f,11,CEA026,WENDY YADIRA ERAS HERRERA(T+P),2023-07-24 18:08:14.071088,23.1
5370367b-6266-4708-a383-3e1dbf0bf9bd,11,CEA147,IGOR DIAS NETO DE SOUZA(T+P),2023-07-24 18:08:14.071088,23.1
d07c7c1e-7ba5-4e6a-879f-63a7f465a0a8,11,CEA204,SARAH NEGREIROS DE CARVALHO LEITE(T),2023-07-24 18:08:14.071088,23.1
8042fdcb-8b4b-42c7-b357-334a0710e420,21,CEA341,IGOR DIAS NETO DE SOUZA(T+P),2023-07-24 18:08:14.071088,23.1
4206303a-f700-4601-b285-0b786e8c733f,22,CEA341,IGOR DIAS NETO DE SOUZA(T+P),2023-07-24 18:08:14.071088,23.1
2cf15083-d396-4605-a5e2-a919a91826fa,23,CEA341,THAINAN SANTOS THEODORO(T+P),2023-07-24 18:08:14.071088,23.1
9ea6b1be-5c56-4434-b460-818a2d64dbc4,24,CEA341,THAINAN SANTOS THEODORO(T+P),2023-07-24 18:08:14.071088,23.1
f9cb1fce-21fd-4787-8268-896c293dcb65,11,CEA458,CARLOS HENRIQUE NOGUEIRA DE RESENDE BARBOSA(T),2023-07-24 18:08:14.071088,23.1
3c2419d6-8810-4a77-bddd-4fc9cca34c7f,21,CEA502,FELIPE EDUARDO MOREIRA COTA(T+P),2023-07-24 18:08:14.071088,23.1
6c6e4584-3106-471d-87a4-8571894836f4,22,CEA502,FELIPE EDUARDO MOREIRA COTA(T+P),2023-07-24 18:08:14.071088,23.1
8733c191-74b5-4a41-b573-282015d8d86f,11,CEA550,CAIO MEIRA AMARAL DA LUZ(T+P),2023-07-24 18:08:14.071088,23.1
c50803e9-b296-41b3-9254-08f0fe080093,12,CEA550,,2023-07-24 18:08:14.071088,23.1
0e01a44c-0e8d-44d2-8430-9b1c5af38443,11,CEA551,ANNY VERLY(T+P),2023-07-24 18:08:14.071088,23.1
e2d53336-c60d-4437-9c68-1b2a07d79fd1,21,CEA552,RENAN FERNANDES BASTOS(T+P),2023-07-24 18:08:14.071088,23.1
a1805164-d3f6-4524-868b-28d9dcccdb23,22,CEA552,RENAN FERNANDES BASTOS(T+P),2023-07-24 18:08:14.071088,23.1
a95d3ec3-c66f-4607-aec9-9174b67e3744,23,CEA552,RENAN FERNANDES BASTOS(T+P),2023-07-24 18:08:14.071088,23.1
0d9d93cd-fe10-4ba4-b228-050a719ea25a,11,CEA555,ANNY VERLY(T),2023-07-24 18:08:14.071088,23.1
29dd7968-1077-46cd-af06-4d10e65d5380,11,CEA560,JUAN CARLOS GALVIS MANSO(T+P),2023-07-24 18:08:14.071088,23.1
832c4db1-d07d-4bcd-b0eb-0266ec8f7cac,12,CEA560,,2023-07-24 18:08:14.071088,23.1
4aebad42-568a-4533-8e1b-c202e40a1f9f,21,CEA561,WELBERT ALVES RODRIGUES(T+P),2023-07-24 18:08:14.071088,23.1
063fe384-e8ae-4b0c-9263-2856d9ed07c7,22,CEA561,WELBERT ALVES RODRIGUES(T+P),2023-07-24 18:08:14.071088,23.1
18a28fab-5f09-490a-9557-e9afaf7b9329,23,CEA561,,2023-07-24 18:08:14.071088,23.1
aa6e55a3-dd2f-45b3-9f7f-77dfc1817220,21,CEA562,GLAUCO FERREIRA GAZEL YARED(T+P),2023-07-24 18:08:14.071088,23.1
a018c799-b0d1-4ef8-bb22-cc75a311aa8d,22,CEA562,GLAUCO FERREIRA GAZEL YARED(T+P),2023-07-24 18:08:14.071088,23.1
915f09ec-239e-407c-a0b0-bc279cf5c12c,23,CEA562,GLAUCO FERREIRA GAZEL YARED(T+P),2023-07-24 18:08:14.071088,23.1
831c8ccb-17d1-40c6-b8b0-ac8d911fec5f,11,CEA563,FRANCISCO RICARDO ABRANTES COUY BARACHO(T+P),2023-07-24 18:08:14.071088,23.1
95cd0f57-8fca-4fb2-8ddb-2e60274f8e71,11,CEA570,MARCIO FELICIANO BRAGA(T+P),2023-07-24 18:08:14.071088,23.1
e409a996-a77c-46e8-b65c-f3f3963cf6e6,12,CEA570,MARCIO FELICIANO BRAGA(T+P),2023-07-24 18:08:14.071088,23.1
04382969-aef0-47e5-b2e2-c41e5bcc80ed,11,CEA571,EDGARD GREGORY TORRES SARAVIA(T+P),2023-07-24 18:08:14.071088,23.1
70c53864-05c6-4661-9060-428725649903,11,CEA572,EDGARD GREGORY TORRES SARAVIA(T+P),2023-07-24 18:08:14.071088,23.1
8670c7d5-ccd0-4893-a49f-639b9c62e7d5,11,CEA573,WILINGTHON GUERRA ZVIETCOVICH(T+P),2023-07-24 18:08:14.071088,23.1
ca753850-dadc-44e5-8f60-b4dd25532a51,21,CEA580,MARCELO MOREIRA TIAGO(T+P),2023-07-24 18:08:14.071088,23.1
9d5339d8-91c0-42ae-8e9f-599ab71bcd26,22,CEA580,MARCELO MOREIRA TIAGO(T+P),2023-07-24 18:08:14.071088,23.1
fbc7e156-fa2b-4642-bd0b-17e240015f55,23,CEA580,MARCELO MOREIRA TIAGO(T+P),2023-07-24 18:08:14.071088,23.1
fb99390f-3e5d-426d-98eb-a5ab059e5eb7,11,CEA581,THAINAN SANTOS THEODORO(T+P),2023-07-24 18:08:14.071088,23.1
d6f0a127-6198-43e3-9967-b6915d0ed2d6,12,CEA581,,2023-07-24 18:08:14.071088,23.1
d6a45dc4-1e9d-457f-8a68-ed3100e5116d,21,CEA582,MYLENA CRUZINHA DA SILVA(T+P),2023-07-24 18:08:14.071088,23.1
68a664cd-bf2d-48ee-8545-54c9aededfd0,22,CEA582,MYLENA CRUZINHA DA SILVA(T+P),2023-07-24 18:08:14.071088,23.1
041ff3a5-2dc6-4474-8330-6557c987c767,23,CEA582,,2023-07-24 18:08:14.071088,23.1
ee02594e-2587-42bd-84d8-b8830199183b,11,CEA583,CARLOS HENRIQUE NOGUEIRA DE RESENDE BARBOSA(T+P),2023-07-24 18:08:14.071088,23.1
025232b6-889e-4622-bd93-bc9d50ee87dc,11,CEA590,CARLOS HENRIQUE DA SILVA(T+P),2023-07-24 18:08:14.071088,23.1
b8752979-b482-4715-992b-7513ccc1a294,11,CEA593,FRANCISCO RICARDO ABRANTES COUY BARACHO(T),2023-07-24 18:08:14.071088,23.1
5f397857-9848-4f2b-a184-8a598367dbd7,11,CEA594,IGOR DIAS NETO DE SOUZA(P) / MARCIO FELICIANO BRAGA(P),2023-07-24 18:08:14.071088,23.1
f6934374-e710-412d-85f7-82e2e98028db,11,CEA595,WENDY YADIRA ERAS HERRERA(T+P),2023-07-24 18:08:14.071088,23.1
8e665e8b-b5b6-44d1-b526-168d0fd86332,11,CEA597,WILINGTHON GUERRA ZVIETCOVICH(T),2023-07-24 18:08:14.071088,23.1
a8bd0a6f-cd2e-442b-9426-8b5825eb28bd,11,CEA598,SARAH NEGREIROS DE CARVALHO LEITE(T),2023-07-24 18:08:14.071088,23.1
823e27f1-c0ad-4881-b384-a5231c35d89e,12,CEA598,CAIO MEIRA AMARAL DA LUZ(T),2023-07-24 18:08:14.071088,23.1
5ee4f216-5ff1-4354-a503-fd13713892c3,11,CEA671,MYLENA CRUZINHA DA SILVA(T+P),2023-07-24 18:08:14.071088,23.1
bb4d129a-99b0-449d-b773-dd73de832549,11,CEA710,CRISTIANO SANTOS BENJAMIN(T+P),2023-07-24 18:08:14.071088,23.1
e881457a-6d7e-43af-969c-fd3dd94dd592,11,CEA712,SARAH NEGREIROS DE CARVALHO LEITE(T+P),2023-07-24 18:08:14.071088,23.1
b3788080-32bc-4a62-99de-69956d019a62,11,CEA716,MARCIO FELICIANO BRAGA(T+P),2023-07-24 18:08:14.071088,23.1
1631b135-5a3b-4918-b7ee-d264b76f6d31,11,CEA717,ANNY VERLY(T+P),2023-07-24 18:08:14.071088,23.1
db7b33f9-8eb5-4e97-8bed-71537b793b67,11,CEA722,CARLOS HENRIQUE NOGUEIRA DE RESENDE BARBOSA(T+P),2023-07-24 18:08:14.071088,23.1
bed348c7-0f4a-4e87-9b1a-0b947ec36eec,11,CEA723,CARLOS HENRIQUE NOGUEIRA DE RESENDE BARBOSA(T+P),2023-07-24 18:08:14.071088,23.1
bf539c92-9bfc-43d0-adcd-9c197b09752a,11,CEA725,JUAN CARLOS GALVIS MANSO(T+P),2023-07-24 18:08:14.071088,23.1
4359c50c-07e1-4050-ac27-1c445a913a44,11,CEA728,RENAN FERNANDES BASTOS(T+P),2023-07-24 18:08:14.071088,23.1
2da3c745-238f-428f-92e1-2c5b9f6b2917,11,CEA735,WENDY YADIRA ERAS HERRERA(T+P),2023-07-24 18:08:14.071088,23.1
454193e0-ce6f-421c-914f-8ef42c05e4e6,11,CEA737,CARLOS HENRIQUE DA SILVA(T+P),2023-07-24 18:08:14.071088,23.1
5e738b6f-f98b-4060-a6f3-bb6ad5f3a559,11,CEA739,FRANCISCO RICARDO ABRANTES COUY BARACHO(T+P),2023-07-24 18:08:14.071088,23.1
6418ff09-66f1-4ee4-b789-95806b39b30f,11,CEA740,CAIO MEIRA AMARAL DA LUZ(T+P),2023-07-24 18:08:14.071088,23.1
e0454de8-22b4-4714-97f9-0d6db18d192b,11,CEA741,SARAH NEGREIROS DE CARVALHO LEITE(T+P),2023-07-24 18:08:14.071088,23.1
5a8e5aad-56ba-40ec-b1d0-ff322be26773,11,CEA742,GLAUCO FERREIRA GAZEL YARED(T+P),2023-07-24 18:08:14.071088,23.1
e8b961e6-7f57-42fe-81b6-ff17b586577b,11,CEA744,MARCELO MOREIRA TIAGO(T+P),2023-07-24 18:08:14.071088,23.1
41e1ebbf-3888-4ad0-bf42-2a07a3f5b619,11,ENP004,RAFAEL LUCAS MACHADO PINTO(T+P),2023-07-24 18:08:14.071088,23.1
8e65b452-0f52-414e-bc99-fc651620f4ba,11,ENP005,FREDERICO CESAR DE VASCONCELOS GOMES(T),2023-07-24 18:08:14.071088,23.1
c95d0b98-c6f3-421f-9fa1-bd07ced62b20,11,ENP012,ALEXANDRE XAVIER MARTINS(T+P),2023-07-24 18:08:14.071088,23.1
49fb07b5-36ce-40a6-892c-5d18ac6872b4,11,ENP014,WAGNER RAGI CURI FILHO(T),2023-07-24 18:08:14.071088,23.1
70605725-38cd-46ee-a07e-0b4d53c3f367,11,ENP015,PAGANINI BARCELLOS DE OLIVEIRA(T),2023-07-24 18:08:14.071088,23.1
9878d306-8626-45ce-8d40-03b9fbb1498a,11,ENP017,ALINE MARA ALVES SOARES(T),2023-07-24 18:08:14.071088,23.1
93d73f4e-79c0-4072-a99d-0f7f69325f9a,11,ENP019,EVA BESSA SOARES(T),2023-07-24 18:08:14.071088,23.1
fe6fd04a-60a5-49af-827f-aaa81c883fe0,11,ENP022,CLARISSA BARROS DA CRUZ(T),2023-07-24 18:08:14.071088,23.1
dab79532-34b2-4399-bcb2-0930b7dea491,11,ENP023,JUNE MARQUES FERNANDES(T),2023-07-24 18:08:14.071088,23.1
7e4342e2-9921-4687-b493-d7df476fac1e,11,ENP025,ALINE MARA ALVES SOARES(T),2023-07-24 18:08:14.071088,23.1
93933e02-25e8-439d-aaab-1bd8c7aea2d0,11,ENP026,EVA BESSA SOARES(T),2023-07-24 18:08:14.071088,23.1
ad2fa8f7-8245-4bea-8f60-6ed0ab0b340e,11,ENP028,CARLA DANIELLE ARAUJO COSTA(T) / GILBERTO DE MIRANDA JUNIOR(T),2023-07-24 18:08:14.071088,23.1
fc58e6e8-a54a-4ee7-870f-36b0d6c415be,11,ENP029,CINTHIA VERSIANI SCOTT VARELLA(T),2023-07-24 18:08:14.071088,23.1
dcf00a2c-4cba-4767-9a4f-b7b55831091e,11,ENP042,RAFAEL LUCAS MACHADO PINTO(T),2023-07-24 18:08:14.071088,23.1
4aaa6640-5dad-4ff4-aeed-aebd3114d8cb,11,ENP119,MONICA DO AMARAL(T),2023-07-24 18:08:14.071088,23.1
d85497fa-c6cf-4474-a1b1-ebe4ee8d125c,11,ENP122,SERGIO EVANGELISTA SILVA(T),2023-07-24 18:08:14.071088,23.1
f58f85b3-933b-44fb-a871-57ac42a57f69,11,ENP123,SERGIO EVANGELISTA SILVA(T),2023-07-24 18:08:14.071088,23.1
7a55ed43-ff6b-47bc-ad84-b8d241b62d51,11,ENP141,MARCO TULIO DOMINGUES COSTA(T),2023-07-24 18:08:14.071088,23.1
168a8351-db91-4795-a637-421b626d346a,11,ENP144,RITA DE CASSIA OLIVEIRA(T),2023-07-24 18:08:14.071088,23.1
9f63f0ce-7c54-47d0-acfa-144e9e4eca17,11,ENP150,PAGANINI BARCELLOS DE OLIVEIRA(T),2023-07-24 18:08:14.071088,23.1
a36e77a1-020b-4f8f-9b82-08e467d06837,11,ENP151,CARLA DANIELLE ARAUJO COSTA(T) / FREDERICO CESAR DE VASCONCELOS GOMES(T),2023-07-24 18:08:14.071088,23.1
1535f840-5080-4cf0-89ff-029ea5d23337,11,ENP152,CINTHIA VERSIANI SCOTT VARELLA(T),2023-07-24 18:08:14.071088,23.1
f8496f6a-8a37-49df-b2b0-d9135c841347,11,ENP153,GILBERTO DE MIRANDA JUNIOR(T+P),2023-07-24 18:08:14.071088,23.1
e36b3394-afcf-4193-8739-4bab450690e4,11,ENP154,ALINE MARA ALVES SOARES(T),2023-07-24 18:08:14.071088,23.1
6e4089b0-80e8-44c0-b70a-4b64b9d0fcb8,11,ENP155,MARCO TULIO DOMINGUES COSTA(T),2023-07-24 18:08:14.071088,23.1
4a32d6a4-d60d-4c07-813a-aa035e6134ae,11,ENP156,WAGNER RAGI CURI FILHO(T),2023-07-24 18:08:14.071088,23.1
f234064c-6bb6-4545-8f08-9cc70f3ee9cb,11,ENP157,LUCIANA PAULA REIS(T+P),2023-07-24 18:08:14.071088,23.1
bd061a34-5900-4a59-9350-48e90f50ffb4,11,ENP158,MONICA DO AMARAL(T+P),2023-07-24 18:08:14.071088,23.1
ef9ec810-892a-4d5f-abc2-3eca35d0bdcd,11,ENP159,CINTHIA VERSIANI SCOTT VARELLA(T+P),2023-07-24 18:08:14.071088,23.1
aeb45bcc-960e-40eb-b34d-8f49984d9796,11,ENP160,GILBERTO DE MIRANDA JUNIOR(T+P),2023-07-24 18:08:14.071088,23.1
4e5c91c0-8881-4af4-aae4-95cef5225c5b,11,ENP161,THIAGO AUGUSTO DE OLIVEIRA SILVA(T+P),2023-07-24 18:08:14.071088,23.1
24f711bc-f367-4289-abaf-73fe615504af,11,ENP473,EVA BESSA SOARES(T),2023-07-24 18:08:14.071088,23.1
d796ad4f-74c1-4bad-9baf-a7c7d5bc06bf,11,ENP493,RITA DE CASSIA OLIVEIRA(T),2023-07-24 18:08:14.071088,23.1
f33bd6c9-72a5-4a50-bc1e-577ce5bcbd93,11,ENP530,MARCO TULIO DOMINGUES COSTA(T),2023-07-24 18:08:14.071088,23.1
a27f856d-201a-40b8-9c42-e2382802d5cd,11,ENP533,CLARISSA BARROS DA CRUZ(T),2023-07-24 18:08:14.071088,23.1
032c1250-b395-46ec-a06c-d9a1c89b8abf,11,ENP534,FREDERICO CESAR DE VASCONCELOS GOMES(T),2023-07-24 18:08:14.071088,23.1
760c688a-4d05-460a-bd41-0f3edb48d7b6,11,ENP569,MONICA DO AMARAL(T),2023-07-24 18:08:14.071088,23.1
fb01833e-08db-46e7-a6ba-4fedd4614d2b,11,ENP570,THIAGO AUGUSTO DE OLIVEIRA SILVA(T),2023-07-24 18:08:14.071088,23.1
b1823206-dd27-4758-981a-686a42e60b7a,11,ENP572,CARLA DANIELLE ARAUJO COSTA(T) / RITA DE CASSIA OLIVEIRA(T),2023-07-24 18:08:14.071088,23.1
05c75b31-f115-4058-98c0-42d562a3ed4a,11,ENP701,RAFAEL LUCAS MACHADO PINTO(T+P),2023-07-24 18:08:14.071088,23.1
0ffa82c8-1a7d-4259-aac0-b39c35f781a2,181,DTE007,MARTA BERTIN(T+P),2023-07-24 18:08:14.071088,23.1
b2e538b4-5cfb-4c6e-ba21-a68701f4ac1f,181,DTE009,DAVID MELO VAN DEN BRULE(T+P),2023-07-24 18:08:14.071088,23.1
bc643722-e197-4c28-ba95-a34104a2f68a,181,DTE019,DAVID MELO VAN DEN BRULE(T+P),2023-07-24 18:08:14.071088,23.1
c7429b04-f296-40ac-804e-36f3d4cb2f29,181,DTE023,,2023-07-24 18:08:14.071088,23.1
4e3664b1-4a77-4023-bd1b-756833829410,181,DTE027,MELLIANDRO MENDES GALINARI(T+P),2023-07-24 18:08:14.071088,23.1
b74922a9-af68-4010-8226-006a298a06d6,51,DTE028,CLAUDIA RAQUEL MARTINS CORREA(T),2023-07-24 18:08:14.071088,23.1
91380760-a74d-45f6-b1c9-ea1342d5cd93,51,DTE029,JORGE LUIS COSTA(T+P),2023-07-24 18:08:14.071088,23.1
ec5dc058-e068-4d36-b193-6a27e45d34db,51,DTE030,JORGE LUIS COSTA(T+P),2023-07-24 18:08:14.071088,23.1
4b91ed71-a6fa-40d5-a292-2d4d49adde0f,51,DTE031,JAMIL FERREIRA(T+P),2023-07-24 18:08:14.071088,23.1
87bd1e96-c381-4624-8742-8f0308bf3d86,51,DTE034,ADRIANA MARIA TONINI(T+P) / JANETE FLOR DE MAIO FONSECA(T+P),2023-07-24 18:08:14.071088,23.1
65ef3b51-09a8-4edf-aaff-62579f9320c2,51,DTE040,ADRIANA MARIA TONINI(T+P) / JAMIL FERREIRA(T+P),2023-07-24 18:08:14.071088,23.1
95d3c410-ccaf-4bd5-a39e-7e1d70372989,299,DTE040,ADRIANA MARIA TONINI(T+P) / JAMIL FERREIRA(T+P),2023-07-24 18:08:14.071088,23.1
b0dc6d24-65c5-4b66-b9c4-2d9aaf97c54a,300,DTE040,ADRIANA MARIA TONINI(T+P) / JAMIL FERREIRA(T+P),2023-07-24 18:08:14.071088,23.1
b777ad2f-f41a-4429-919d-66e157f47ad3,306,DTE040,ADRIANA MARIA TONINI(T+P) / JAMIL FERREIRA(T+P),2023-07-24 18:08:14.071088,23.1
bb01af29-d7da-42cd-b4d9-c2f4bde212ea,307,DTE040,ADRIANA MARIA TONINI(T+P) / JAMIL FERREIRA(T+P),2023-07-24 18:08:14.071088,23.1
533b077e-1544-4c4e-8882-bb6efbb7cbc1,310,DTE040,ADRIANA MARIA TONINI(T+P) / JAMIL FERREIRA(T+P),2023-07-24 18:08:14.071088,23.1
b2158873-703f-4abe-aa4f-3989117807c9,313,DTE040,ADRIANA MARIA TONINI(T+P) / JAMIL FERREIRA(T+P),2023-07-24 18:08:14.071088,23.1
bacf3f38-f75b-4b66-a562-bef803be5ec8,315,DTE040,ADRIANA MARIA TONINI(T+P) / JAMIL FERREIRA(T+P),2023-07-24 18:08:14.071088,23.1
909dbb37-e761-4174-ad9e-a53dd0dd1f98,321,DTE040,ADRIANA MARIA TONINI(T+P) / JAMIL FERREIRA(T+P),2023-07-24 18:08:14.071088,23.1
14d33b54-f563-4162-9446-5be78eae3910,51,DTE041,CLAUDIA RAQUEL MARTINS CORREA(T),2023-07-24 18:08:14.071088,23.1
3eb4a2a2-95b9-4dc7-968a-345c79e4e2d0,299,DTE041,CLAUDIA RAQUEL MARTINS CORREA(T),2023-07-24 18:08:14.071088,23.1
6c1ddae4-3acd-4c7c-ba81-d1119510ecf3,300,DTE041,CLAUDIA RAQUEL MARTINS CORREA(T),2023-07-24 18:08:14.071088,23.1
a635d115-74da-400a-bcaf-e9f8e4544f46,306,DTE041,CLAUDIA RAQUEL MARTINS CORREA(T),2023-07-24 18:08:14.071088,23.1
04244ecc-fb2a-4089-942a-0cc3f438e8ff,307,DTE041,CLAUDIA RAQUEL MARTINS CORREA(T),2023-07-24 18:08:14.071088,23.1
a1251145-641e-4fa0-873a-53fa941aa3ae,310,DTE041,CLAUDIA RAQUEL MARTINS CORREA(T),2023-07-24 18:08:14.071088,23.1
02267526-dc2d-4514-b7e9-7251a37775d5,313,DTE041,CLAUDIA RAQUEL MARTINS CORREA(T),2023-07-24 18:08:14.071088,23.1
8deaa300-25bf-402a-a470-3be15bcf7563,315,DTE041,CLAUDIA RAQUEL MARTINS CORREA(T),2023-07-24 18:08:14.071088,23.1
65623fd7-bc9a-4704-9ad8-89103053cf42,321,DTE041,CLAUDIA RAQUEL MARTINS CORREA(T),2023-07-24 18:08:14.071088,23.1
101d2a20-069c-4888-bd28-e2f73576bc9a,51,DTE042,ANTONIO MARCELO JACKSON FERREIRA DA SILVA(T+P),2023-07-24 18:08:14.071088,23.1
42aa135d-54fb-4176-8c67-08c9fcc558d8,299,DTE042,ANTONIO MARCELO JACKSON FERREIRA DA SILVA(T+P),2023-07-24 18:08:14.071088,23.1
6cc5aa67-20de-4612-aa38-775d4961bb56,300,DTE042,ANTONIO MARCELO JACKSON FERREIRA DA SILVA(T+P),2023-07-24 18:08:14.071088,23.1
6ab8b5c0-08ee-4983-b41e-324535301350,306,DTE042,ANTONIO MARCELO JACKSON FERREIRA DA SILVA(T+P),2023-07-24 18:08:14.071088,23.1
320f1448-4ef9-484e-9d14-ee962d4cda4d,307,DTE042,ANTONIO MARCELO JACKSON FERREIRA DA SILVA(T+P),2023-07-24 18:08:14.071088,23.1
95dd0e62-e57d-4ec9-92ec-2b26a6bf4f60,310,DTE042,ANTONIO MARCELO JACKSON FERREIRA DA SILVA(T+P),2023-07-24 18:08:14.071088,23.1
896b6df3-14d2-453a-b250-b1472c1367db,313,DTE042,ANTONIO MARCELO JACKSON FERREIRA DA SILVA(T+P),2023-07-24 18:08:14.071088,23.1
099df942-4dd0-42ff-b502-fb502583a370,315,DTE042,ANTONIO MARCELO JACKSON FERREIRA DA SILVA(T+P),2023-07-24 18:08:14.071088,23.1
43f61b88-b2f2-47ee-b761-eaa085d0396a,321,DTE042,ANTONIO MARCELO JACKSON FERREIRA DA SILVA(T+P),2023-07-24 18:08:14.071088,23.1
677e6e70-bdfe-4598-ba0d-9f7a8c46f8e8,51,DTE043,CLAUDIA RAQUEL MARTINS CORREA(T),2023-07-24 18:08:14.071088,23.1
6655af5c-2994-4003-8af8-8ac4d067ae8c,299,DTE043,CLAUDIA RAQUEL MARTINS CORREA(T),2023-07-24 18:08:14.071088,23.1
f1c9a413-81fa-4a92-81d5-1b4cff461c59,300,DTE043,CLAUDIA RAQUEL MARTINS CORREA(T),2023-07-24 18:08:14.071088,23.1
5d12d2c4-0623-4be6-a61f-a9c5f283664e,306,DTE043,CLAUDIA RAQUEL MARTINS CORREA(T),2023-07-24 18:08:14.071088,23.1
21b01538-d95d-449c-b9ad-e421796ec10e,307,DTE043,CLAUDIA RAQUEL MARTINS CORREA(T),2023-07-24 18:08:14.071088,23.1
d388fd33-b928-4f1f-a7a1-fb331fabfff0,310,DTE043,CLAUDIA RAQUEL MARTINS CORREA(T),2023-07-24 18:08:14.071088,23.1
c89eb612-c0bd-4a83-a19b-723a8881e5e7,313,DTE043,CLAUDIA RAQUEL MARTINS CORREA(T),2023-07-24 18:08:14.071088,23.1
216e80f3-42c4-48ee-bc64-095a8c5e9b18,315,DTE043,CLAUDIA RAQUEL MARTINS CORREA(T),2023-07-24 18:08:14.071088,23.1
015d63e2-30e8-4712-b4c9-d0b02931119b,321,DTE043,CLAUDIA RAQUEL MARTINS CORREA(T),2023-07-24 18:08:14.071088,23.1
8046e195-708e-42ea-bef1-14e3f997ce80,302,DTE048,JACKS RICHARD DE PAULO(T+P),2023-07-24 18:08:14.071088,23.1
d91269e1-ba9c-4031-a47c-eae8fb76214e,304,DTE048,JACKS RICHARD DE PAULO(T+P),2023-07-24 18:08:14.071088,23.1
f0359d00-4f8f-45dd-923c-f092715c6d5d,308,DTE048,JACKS RICHARD DE PAULO(T+P),2023-07-24 18:08:14.071088,23.1
86f2dc9a-22c5-430d-9697-27607d17ba3b,309,DTE048,JACKS RICHARD DE PAULO(T+P),2023-07-24 18:08:14.071088,23.1
3b909b30-5c53-4118-a15e-ad689b376aa3,312,DTE048,JACKS RICHARD DE PAULO(T+P),2023-07-24 18:08:14.071088,23.1
5c2bf6fd-9afe-4dab-93cf-772459fcf64c,318,DTE048,JACKS RICHARD DE PAULO(T+P),2023-07-24 18:08:14.071088,23.1
ca9280ef-64f2-483b-9510-fbe30da8d818,319,DTE048,JACKS RICHARD DE PAULO(T+P),2023-07-24 18:08:14.071088,23.1
0651e02a-9d25-4409-9762-aecb02c8f695,320,DTE048,JACKS RICHARD DE PAULO(T+P),2023-07-24 18:08:14.071088,23.1
33f51b13-a1a3-4592-b046-901987b4eb29,181,DTE071,ANDRE FELIPE PINTO DUARTE(T),2023-07-24 18:08:14.071088,23.1
7ede8483-5322-4e8f-b247-398a5015a3f3,302,DTE080,MARTA BERTIN(T+P),2023-07-24 18:08:14.071088,23.1
ecaa6a96-3a1f-4267-9316-c94145bac24b,304,DTE080,MARTA BERTIN(T+P),2023-07-24 18:08:14.071088,23.1
7da66fa1-7a07-43ee-b6ad-cb726c373f06,308,DTE080,MARTA BERTIN(T+P),2023-07-24 18:08:14.071088,23.1
8f8304a0-bbb3-467f-a6ca-12d777f0f81a,309,DTE080,MARTA BERTIN(T+P),2023-07-24 18:08:14.071088,23.1
7f9beb58-0b62-4d9c-bec7-4a61ff5b044a,312,DTE080,MARTA BERTIN(T+P),2023-07-24 18:08:14.071088,23.1
23e44ec1-1c67-40d4-b623-65b9afaa51d2,318,DTE080,MARTA BERTIN(T+P),2023-07-24 18:08:14.071088,23.1
d9c550e9-c6f7-49e9-8a1d-0a453ba966b8,319,DTE080,MARTA BERTIN(T+P),2023-07-24 18:08:14.071088,23.1
3d1622d0-2a3f-4964-a2a1-b4a7054826ec,320,DTE080,MARTA BERTIN(T+P),2023-07-24 18:08:14.071088,23.1
d343ee3b-da35-482c-8647-c04a44d32e9b,302,DTE081,MARCELO VIANA RAMOS(T+P),2023-07-24 18:08:14.071088,23.1
f4fa72d8-8f52-45b8-a5e0-4bd1448d6f8f,304,DTE081,MARCELO VIANA RAMOS(T+P),2023-07-24 18:08:14.071088,23.1
60631c58-d219-40ba-b602-acd10f7fcafc,308,DTE081,MARCELO VIANA RAMOS(T+P),2023-07-24 18:08:14.071088,23.1
fb368daf-43c0-4f2b-9e87-c556fac48689,309,DTE081,MARCELO VIANA RAMOS(T+P),2023-07-24 18:08:14.071088,23.1
e61f73ae-88d9-448e-93b4-24a177b31337,312,DTE081,MARCELO VIANA RAMOS(T+P),2023-07-24 18:08:14.071088,23.1
997b6e67-c30d-4b3e-ab6b-0f488fb3a30d,318,DTE081,MARCELO VIANA RAMOS(T+P),2023-07-24 18:08:14.071088,23.1
945ed284-8739-4d7a-9ea1-65e52f68631f,319,DTE081,MARCELO VIANA RAMOS(T+P),2023-07-24 18:08:14.071088,23.1
92ed99ae-6ed7-4403-bfc4-36e897c744ed,320,DTE081,MARCELO VIANA RAMOS(T+P),2023-07-24 18:08:14.071088,23.1
1d04bafa-0fc0-4c41-8351-05f7b45fdee7,60,DTE085,INAJARA DE SALLES VIANA NEVES(T),2023-07-24 18:08:14.071088,23.1
456d7a25-8309-4b86-9da9-81cca6f687dd,301,DTE085,INAJARA DE SALLES VIANA NEVES(T),2023-07-24 18:08:14.071088,23.1
19d34ffb-3823-493f-ab37-62fe3836bee9,303,DTE085,INAJARA DE SALLES VIANA NEVES(T),2023-07-24 18:08:14.071088,23.1
0bfb4479-0ccc-4e49-a4e4-44947c585fb6,305,DTE085,INAJARA DE SALLES VIANA NEVES(T),2023-07-24 18:08:14.071088,23.1
e0d6c838-f629-4f34-8062-36915109412c,311,DTE085,INAJARA DE SALLES VIANA NEVES(T),2023-07-24 18:08:14.071088,23.1
b2f6112a-5a3b-4d67-93da-bb164d9a63b7,314,DTE085,INAJARA DE SALLES VIANA NEVES(T),2023-07-24 18:08:14.071088,23.1
9cfb314b-46d2-49f2-ad1e-4937f6c487ad,316,DTE085,INAJARA DE SALLES VIANA NEVES(T),2023-07-24 18:08:14.071088,23.1
456df794-b1ed-4d62-bc5b-0828aa7f3445,317,DTE085,INAJARA DE SALLES VIANA NEVES(T),2023-07-24 18:08:14.071088,23.1
3918eef5-79e5-4be7-8040-12e36c17da98,322,DTE085,INAJARA DE SALLES VIANA NEVES(T),2023-07-24 18:08:14.071088,23.1
a490ed78-6163-48c6-8c7a-a35682fbc923,301,DTE086,KATIA GARDENIA HENRIQUE DA ROCHA(T+P),2023-07-24 18:08:14.071088,23.1
d1374213-128d-4e6a-995c-be5c95d94be8,303,DTE086,KATIA GARDENIA HENRIQUE DA ROCHA(T+P),2023-07-24 18:08:14.071088,23.1
ac5a42f8-b811-41af-bd80-73eece558871,305,DTE086,KATIA GARDENIA HENRIQUE DA ROCHA(T+P),2023-07-24 18:08:14.071088,23.1
b3dd9255-7d86-4e0f-a1c0-d0cdf6b1e965,311,DTE086,KATIA GARDENIA HENRIQUE DA ROCHA(T+P),2023-07-24 18:08:14.071088,23.1
d152f4dd-ba29-4125-a9d9-ac9027774bb0,314,DTE086,KATIA GARDENIA HENRIQUE DA ROCHA(T+P),2023-07-24 18:08:14.071088,23.1
b5c2f178-ca0b-4577-b74f-dd5e71cbf08e,316,DTE086,KATIA GARDENIA HENRIQUE DA ROCHA(T+P),2023-07-24 18:08:14.071088,23.1
3b54a3c6-a6d8-4b35-932e-6a56913d9932,317,DTE086,KATIA GARDENIA HENRIQUE DA ROCHA(T+P),2023-07-24 18:08:14.071088,23.1
05d1f225-9a3e-4317-8b8e-6f6f51f76a66,322,DTE086,KATIA GARDENIA HENRIQUE DA ROCHA(T+P),2023-07-24 18:08:14.071088,23.1
ee7a37d1-3f92-4675-a377-8a6e0afe3178,302,DTE111,INAJARA DE SALLES VIANA NEVES(T),2023-07-24 18:08:14.071088,23.1
dac27d04-9c3e-43c7-b551-a243f4738bba,304,DTE111,INAJARA DE SALLES VIANA NEVES(T),2023-07-24 18:08:14.071088,23.1
1fa752bc-f98b-47e0-bd5b-3b921279dc80,308,DTE111,INAJARA DE SALLES VIANA NEVES(T),2023-07-24 18:08:14.071088,23.1
bff1c3a8-6b88-4d13-8cbf-943136185fcf,309,DTE111,INAJARA DE SALLES VIANA NEVES(T),2023-07-24 18:08:14.071088,23.1
3670fc57-1d50-49ae-9787-58987e922bcf,312,DTE111,INAJARA DE SALLES VIANA NEVES(T),2023-07-24 18:08:14.071088,23.1
52512993-f257-44d4-839e-2366e97f7814,318,DTE111,INAJARA DE SALLES VIANA NEVES(T),2023-07-24 18:08:14.071088,23.1
31e77edb-5522-45cb-9950-da00a3900c9d,319,DTE111,INAJARA DE SALLES VIANA NEVES(T),2023-07-24 18:08:14.071088,23.1
d2967420-2741-45e1-b302-89f3662c66da,320,DTE111,INAJARA DE SALLES VIANA NEVES(T),2023-07-24 18:08:14.071088,23.1
91961f59-992e-4bbf-8290-e5dfed290cec,60,DTE116,MARCIA AMBROSIO RODRIGUES REZENDE(T),2023-07-24 18:08:14.071088,23.1
3d22f548-5cfa-4fb7-aa37-d5979361e56a,301,DTE116,MARCIA AMBROSIO RODRIGUES REZENDE(T),2023-07-24 18:08:14.071088,23.1
4d9702ef-a0b9-4797-95db-98df694d1335,303,DTE116,MARCIA AMBROSIO RODRIGUES REZENDE(T),2023-07-24 18:08:14.071088,23.1
57af5974-9835-49dc-bccf-cfc53b163805,305,DTE116,MARCIA AMBROSIO RODRIGUES REZENDE(T),2023-07-24 18:08:14.071088,23.1
9582342b-c2a7-4cd2-baa6-5639f5a6e968,311,DTE116,MARCIA AMBROSIO RODRIGUES REZENDE(T),2023-07-24 18:08:14.071088,23.1
03a2c5a7-7211-4b2a-8ceb-3599736a6421,314,DTE116,MARCIA AMBROSIO RODRIGUES REZENDE(T),2023-07-24 18:08:14.071088,23.1
772c8402-4141-4903-8eae-6f7133283e29,316,DTE116,MARCIA AMBROSIO RODRIGUES REZENDE(T),2023-07-24 18:08:14.071088,23.1
a7df8c24-a908-4940-a2ba-6079817b2163,317,DTE116,MARCIA AMBROSIO RODRIGUES REZENDE(T),2023-07-24 18:08:14.071088,23.1
7af859b8-5904-45c2-8c48-2656020e8c69,322,DTE116,MARCIA AMBROSIO RODRIGUES REZENDE(T),2023-07-24 18:08:14.071088,23.1
46b1e2d5-e0b5-4cbf-98a6-19a7b2016ae5,51,DTE118,JORGE LUIS COSTA(T+P),2023-07-24 18:08:14.071088,23.1
bf42adcb-5838-4648-aff5-cf660ca69fcb,299,DTE118,JORGE LUIS COSTA(T+P),2023-07-24 18:08:14.071088,23.1
2406d5a3-9dd1-4933-ad23-c25461c30af1,300,DTE118,JORGE LUIS COSTA(T+P),2023-07-24 18:08:14.071088,23.1
08c7079b-3896-43be-a49c-f7b543c5569f,306,DTE118,JORGE LUIS COSTA(T+P),2023-07-24 18:08:14.071088,23.1
b60a7251-2d39-4574-8abb-785fb68c4dbc,307,DTE118,JORGE LUIS COSTA(T+P),2023-07-24 18:08:14.071088,23.1
a1c4b871-d2ed-40bb-8a90-05d6373eeac4,310,DTE118,JORGE LUIS COSTA(T+P),2023-07-24 18:08:14.071088,23.1
bd0bb0d9-0d6d-43a2-a306-00bf477af012,313,DTE118,JORGE LUIS COSTA(T+P),2023-07-24 18:08:14.071088,23.1
6ac54e32-30fa-4221-86ee-c74d64391a79,315,DTE118,JORGE LUIS COSTA(T+P),2023-07-24 18:08:14.071088,23.1
673f890d-7730-43cf-bc32-bb96458a5e7c,321,DTE118,JORGE LUIS COSTA(T+P),2023-07-24 18:08:14.071088,23.1
e95fd118-2a2f-4ddc-b31c-0f639c508a81,181,DTE120,DAVID MELO VAN DEN BRULE(T+P),2023-07-24 18:08:14.071088,23.1
9e6e35d7-980c-467b-913f-bd67b7a11615,302,DTE123,HELENA DE SOUZA CAMPOS(T+P),2023-07-24 18:08:14.071088,23.1
7f4bae41-d985-4aeb-b3f3-eb5cb8942526,304,DTE123,HELENA DE SOUZA CAMPOS(T+P),2023-07-24 18:08:14.071088,23.1
a9e213d9-8576-43a7-9b7a-602ce1de7ff2,308,DTE123,HELENA DE SOUZA CAMPOS(T+P),2023-07-24 18:08:14.071088,23.1
a1e66710-1e6b-4154-8be9-2ad22dbf7a16,309,DTE123,HELENA DE SOUZA CAMPOS(T+P),2023-07-24 18:08:14.071088,23.1
6f58dd45-7f9c-4931-905f-353a421c38b6,312,DTE123,HELENA DE SOUZA CAMPOS(T+P),2023-07-24 18:08:14.071088,23.1
c2dc5585-3275-4853-82cb-726d47aaf60f,318,DTE123,HELENA DE SOUZA CAMPOS(T+P),2023-07-24 18:08:14.071088,23.1
0b0b1d65-de37-4e7d-a439-698759be7328,319,DTE123,HELENA DE SOUZA CAMPOS(T+P),2023-07-24 18:08:14.071088,23.1
4c05b9ce-43c1-461b-bbf6-3fee81a12c90,320,DTE123,HELENA DE SOUZA CAMPOS(T+P),2023-07-24 18:08:14.071088,23.1
9a89c644-25e4-4013-bc2a-ad2088d047a1,302,DTE129,MARTA BERTIN(T),2023-07-24 18:08:14.071088,23.1
36a98497-09ea-4519-bb6d-3076c4b61a4a,304,DTE129,MARTA BERTIN(T),2023-07-24 18:08:14.071088,23.1
77b26573-6ac1-4055-b177-c804243f0e47,308,DTE129,MARTA BERTIN(T),2023-07-24 18:08:14.071088,23.1
9cd33e3e-e335-4986-8820-c14d70af52ff,309,DTE129,MARTA BERTIN(T),2023-07-24 18:08:14.071088,23.1
1e0f4ca5-4b27-4f65-84ab-ec7327d8d50b,312,DTE129,MARTA BERTIN(T),2023-07-24 18:08:14.071088,23.1
e47687ee-8696-45d9-ba7d-90407f4ba2b9,318,DTE129,MARTA BERTIN(T),2023-07-24 18:08:14.071088,23.1
22c1e734-54d2-4bd0-abc5-03d77f82ee09,319,DTE129,MARTA BERTIN(T),2023-07-24 18:08:14.071088,23.1
2fbf52be-7f1b-4470-9256-6119b4ea51c3,320,DTE129,MARTA BERTIN(T),2023-07-24 18:08:14.071088,23.1
d5201c13-6d74-4ee1-82ab-eb040e372ec5,60,DTE132,MARCIA AMBROSIO RODRIGUES REZENDE(T),2023-07-24 18:08:14.071088,23.1
bfb12e6d-002f-4d59-924e-287e30012422,301,DTE132,MARCIA AMBROSIO RODRIGUES REZENDE(T),2023-07-24 18:08:14.071088,23.1
9096a4e6-4372-4bde-96eb-154ed17f7e83,303,DTE132,MARCIA AMBROSIO RODRIGUES REZENDE(T),2023-07-24 18:08:14.071088,23.1
a62f260c-bf8b-416f-b0b7-b52fece72cdd,305,DTE132,MARCIA AMBROSIO RODRIGUES REZENDE(T),2023-07-24 18:08:14.071088,23.1
843d50cc-539c-4b8c-8df0-e00dc8ecafa2,311,DTE132,MARCIA AMBROSIO RODRIGUES REZENDE(T),2023-07-24 18:08:14.071088,23.1
bdf73081-d3cb-4e6f-b3e0-ac28a02139dc,314,DTE132,MARCIA AMBROSIO RODRIGUES REZENDE(T),2023-07-24 18:08:14.071088,23.1
3998bca4-991b-46fa-bde6-496bd6b582e9,316,DTE132,MARCIA AMBROSIO RODRIGUES REZENDE(T),2023-07-24 18:08:14.071088,23.1
34cb283a-0ca3-458d-9f87-987378510781,317,DTE132,MARCIA AMBROSIO RODRIGUES REZENDE(T),2023-07-24 18:08:14.071088,23.1
ece2366a-3310-49cb-bde5-ae3e107f1ff2,322,DTE132,MARCIA AMBROSIO RODRIGUES REZENDE(T),2023-07-24 18:08:14.071088,23.1
5a4fb113-c198-4f31-8c1f-86c06657968f,60,EAD202,ANTONIO MARCELO JACKSON FERREIRA DA SILVA(T),2023-07-24 18:08:14.071088,23.1
b5672341-0bb1-483e-ab59-a88145e1dcf6,60,EAD207,JANETE FLOR DE MAIO FONSECA(T),2023-07-24 18:08:14.071088,23.1
c5c1abb0-656d-4713-96b9-1c9e0ffba83d,11,EAD214,SANDRA AUGUSTA DE MELO(T),2023-07-24 18:08:14.071088,23.1
5066aa5e-bb7a-46ef-bfaf-b16686c98dec,22,EAD214,SANDRA AUGUSTA DE MELO(T),2023-07-24 18:08:14.071088,23.1
4e394245-fea6-4d22-a498-ca9de7a554fa,60,EAD226,HAROLDO LUIZ BERTOLDO(T),2023-07-24 18:08:14.071088,23.1
b06de2dd-359f-4e18-bc1f-e14287466bb7,60,EAD232,SANDRA AUGUSTA DE MELO(T),2023-07-24 18:08:14.071088,23.1
d566a9e3-be26-4df0-93fa-bc5ecaa5310f,60,EAD254,INAJARA DE SALLES VIANA NEVES(T),2023-07-24 18:08:14.071088,23.1
85d0ea57-bac0-4c10-a868-bc8b681c4be9,60,EAD257,ANDRE FELIPE PINTO DUARTE(T),2023-07-24 18:08:14.071088,23.1
dfc4ca07-a9a5-4eea-b4ed-7c6910bc4e4d,60,EAD259,JORGE LUIS COSTA(T),2023-07-24 18:08:14.071088,23.1
bdb97c19-0a7a-4cd3-85a6-7d2ca7c8e583,60,EAD261,JORGE LUIS COSTA(T),2023-07-24 18:08:14.071088,23.1
8cc33a6b-7dd3-4517-915e-0c797b587bf2,60,EAD263,HAROLDO LUIZ BERTOLDO(T),2023-07-24 18:08:14.071088,23.1
1a7d9567-c444-43b5-8d89-4353fcc026bd,60,EAD273,JANETE FLOR DE MAIO FONSECA(T),2023-07-24 18:08:14.071088,23.1
207b6039-12dc-4f7c-9de1-7e6ecf0f5a92,60,EAD283,ANDRE FELIPE PINTO DUARTE(T),2023-07-24 18:08:14.071088,23.1
82d6aa95-c2a2-48fc-82e8-0570131076ad,60,EAD288,GLAUCIA MARIA DOS SANTOS JORGE(T+P),2023-07-24 18:08:14.071088,23.1
0ef0a4cc-96b0-40fc-9c16-1080297b1a4d,301,EAD288,GLAUCIA MARIA DOS SANTOS JORGE(T+P),2023-07-24 18:08:14.071088,23.1
ef42258a-5fb1-4497-9651-7395924d5502,303,EAD288,GLAUCIA MARIA DOS SANTOS JORGE(T+P),2023-07-24 18:08:14.071088,23.1
8cf38c3b-4b7e-470d-b0b4-96b324417544,305,EAD288,GLAUCIA MARIA DOS SANTOS JORGE(T+P),2023-07-24 18:08:14.071088,23.1
3c64b436-b263-4783-9f86-fba2076cf752,311,EAD288,GLAUCIA MARIA DOS SANTOS JORGE(T+P),2023-07-24 18:08:14.071088,23.1
85b336b0-9a37-45ae-b250-065b993ef433,314,EAD288,GLAUCIA MARIA DOS SANTOS JORGE(T+P),2023-07-24 18:08:14.071088,23.1
723bb03b-3b0d-4270-94bf-b514b2c5cd99,316,EAD288,GLAUCIA MARIA DOS SANTOS JORGE(T+P),2023-07-24 18:08:14.071088,23.1
02e1161a-7be4-42e2-899c-34522bb24777,317,EAD288,GLAUCIA MARIA DOS SANTOS JORGE(T+P),2023-07-24 18:08:14.071088,23.1
ae829b0a-a894-4a09-b20a-8d585eb9ae92,322,EAD288,GLAUCIA MARIA DOS SANTOS JORGE(T+P),2023-07-24 18:08:14.071088,23.1
18648c4c-6856-491f-99d0-fb8490f98043,60,EAD291,HAROLDO LUIZ BERTOLDO(T),2023-07-24 18:08:14.071088,23.1
c29d4ca5-1096-4c5a-bc61-1d2c4a5c9ef4,60,EAD292,HERCULES TOLEDO CORREA(T),2023-07-24 18:08:14.071088,23.1
83f82cdb-a438-4df4-a779-9e91ee3f8bdd,60,EAD293,KATIA GARDENIA HENRIQUE DA ROCHA(T),2023-07-24 18:08:14.071088,23.1
ea8af431-ac16-4c62-a2b5-9145915397c8,60,EAD294,ANDRE FELIPE PINTO DUARTE(T),2023-07-24 18:08:14.071088,23.1
4059f05c-0ed7-4ad6-acd0-795fc7a92ef0,60,EAD297,HAROLDO LUIZ BERTOLDO(T),2023-07-24 18:08:14.071088,23.1
58e7c535-c641-418b-b5a1-fd38789c5495,60,EAD400,KATIA GARDENIA HENRIQUE DA ROCHA(T),2023-07-24 18:08:14.071088,23.1
9a0b7e6a-6bcc-405d-ad73-ce43741f0fe1,51,EAD511,ADRIANA MARIA TONINI(T) / JAMIL FERREIRA(T),2023-07-24 18:08:14.071088,23.1
68bfd1e8-fa63-4a15-9062-92ed061a379a,51,EAD534,CLAUDIA RAQUEL MARTINS CORREA(T),2023-07-24 18:08:14.071088,23.1
b14ee9d7-8322-4cb4-8f58-3a8761f7ae1c,51,EAD543,INAJARA DE SALLES VIANA NEVES(T),2023-07-24 18:08:14.071088,23.1
0cd92187-6074-4636-bf7f-8a9241272b8a,181,EAD549,ANDRE FELIPE PINTO DUARTE(T),2023-07-24 18:08:14.071088,23.1
fdc338ac-6a0b-4789-9b21-f2d41ff14e8f,60,EAD614,JACKS RICHARD DE PAULO(T),2023-07-24 18:08:14.071088,23.1
2c2078e9-1961-417f-9305-2930509d907f,181,EAD618,DAVID MELO VAN DEN BRULE(T),2023-07-24 18:08:14.071088,23.1
2df6068f-282f-4249-a3e4-1eb1765a0671,11,EAD700,MELLIANDRO MENDES GALINARI(T+P),2023-07-24 18:08:14.071088,23.1
0d4052e7-9994-432f-b06b-8ecef239b526,21,EAD707,MELLIANDRO MENDES GALINARI(T),2023-07-24 18:08:14.071088,23.1
8f8e6e75-f125-4de7-86b1-6c2a528c5705,22,EAD707,MELLIANDRO MENDES GALINARI(T),2023-07-24 18:08:14.071088,23.1
96648458-8705-42ce-b323-5cbb60e79193,11,MIF107,,2023-07-24 18:08:14.071088,23.1
75aabced-c083-4991-b312-142f79b34208,51,MIF107,BIANCCA NARDELLI SCHENATZ(T+P) / INAJARA DE SALLES VIANA NEVES(T+P),2023-07-24 18:08:14.071088,23.1
77b2338b-0f7b-423d-84e4-6660bcacb014,11,MIF141,,2023-07-24 18:08:14.071088,23.1
b4f1b04f-50b6-4e58-8447-a86ca185d213,51,MIF141,ANTONIO MARCELO JACKSON FERREIRA DA SILVA(T+P),2023-07-24 18:08:14.071088,23.1
884fb988-44b7-4d1b-8fe9-cb1b66cbdaec,11,MIF142,,2023-07-24 18:08:14.071088,23.1
2f5556d8-c9f5-41f5-a084-f9025153e5af,51,MIF142,ANTONIO MARCELO JACKSON FERREIRA DA SILVA(T+P),2023-07-24 18:08:14.071088,23.1
ba450274-ac15-407e-bdd2-af1979875032,11,MIF143,,2023-07-24 18:08:14.071088,23.1
7f213e0b-78aa-44c0-b682-7f2c59862b8a,51,MIF143,ANDRE FELIPE PINTO DUARTE(T+P) / JORGE LUIS COSTA(T+P) / MARLI REGINA DOS SANTOS(T+P),2023-07-24 18:08:14.071088,23.1
8bb263ef-a577-4b5e-a9f7-63e9161cfd19,11,MIF154,,2023-07-24 18:08:14.071088,23.1
1c43bac9-8346-4edb-a3d3-9412549c0d39,11,MIF178,BIANCCA NARDELLI SCHENATZ(T+P) / INAJARA DE SALLES VIANA NEVES(T+P),2023-07-24 18:08:14.071088,23.1
