id,name,description,department_id,created_at
CEA038,QUIMICA GERAL,Tabela periódica e propriedades periódicas.  Ligações químicas. Forças intermoleculares. Estequiometria. Soluções e titulação. Reações redox e células galvânicas.,DECEA,2023-07-28 10:16:48.684195
CEA039,QUIMICA GERAL EXPERIMENTAL,Segurança em laboratório de química. Reconhecimento de vidrarias e equipamentos de laboratórios. Tabela periódica e propriedades periódicas. Ligações químicas. Reações químicas. Solução e diluição. Titulação. Reação oxirredução. Células galvânicas.,DECEA,2023-07-28 10:16:48.684195
CEA049,GEOMETRIA ANALITICA E ALGEBRA LINEAR,Sistemas de equações lineares e matrizes. Álgebra vetorial. Retas e planos. Espaços vetoriais. Transformações lineares. Autovalores e autovetores. Cônicas.,DECEA,2023-07-28 10:16:48.684195
CEA050,CALCULO DIFERENCIAL E INTEGRAL I,Números e funções reais. Limite e continuidade. Derivada e diferenciabilidade. Aplicações da derivada. Integral indefinida. Integral definida. Teorema Fundamental do Cálculo.,DECEA,2023-07-28 10:16:48.684195
CEA051,CALCULO DIFERENCIAL E INTEGRAL II,Técnicas de integração e aplicações da integral.  Integrais impróprias e  aplicações. Sequências e séries numéricas. Representações de funções como séries de potências. Superfícies quádricas. Funções de várias variáveis e derivadas parciais.,DECEA,2023-07-28 10:16:48.684195
CEA052,CALCULO DIFERENCIAL E INTEGRAL III,Funções vetoriais. Integrais múltiplas. Campos vetoriais. Integrais de linha. Rotacional e divergente.  Integrais de superfície.  Teoremas de Stokes e da Divergência.,DECEA,2023-07-28 10:16:48.684195
CEA053,PROBABILIDADE,Introdução à probabilidade. Variáveis aleatórias unidimensionais. Modelos de distribuição de probabilidade. Variáveis aleatórias multidimensionais. Correlação e covariância.,DECEA,2023-07-28 10:16:48.684195
CEA054,ESTATISTICA I,Estatística descritiva. Inferência estatística. Estimação por intervalo. Teste de hipótese. Regressão linear simples.,DECEA,2023-07-28 10:16:48.684195
CEA055,ESTATISTICA E PROBABILIDADE,Estatística descritiva. Introdução à probabilidade. Variáveis aleatórias unidimensionais. Modelos de distribuição de probabilidade. Inferência estatística. Estimação por intervalo. Teste de hipótese. Variáveis aleatórias multidimensionais discretas. Regressão linear simples.,DECEA,2023-07-28 10:16:48.684195
CEA056,INTRODUCAO AS EQUACOES DIFERENCIAIS ORDINARIAS,Equações diferenciais ordinárias de primeira ordem. Números complexos. Equações diferenciais ordinárias lineares de segunda ordem. Transformada de Laplace. Sistemas de equações diferenciais lineares.,DECEA,2023-07-28 10:16:48.684195
CEA057,METODOS MATEMATICOS APLICADOS A ENGENHARIA ELETRICA ,Variáveis	complexas.	Série	de	Fourier.	Equações	diferenciais	parciais. Transformada de Fourier.,DECEA,2023-07-28 10:16:48.684195
CEA058,CALCULO NUMERICO,Análise de erro e aritmética de ponto flutuante. Sistemas de equações lineares. Raízes de equações. Interpolação polinomial. Integração numérica. Equações diferenciais ordinárias.,DECEA,2023-07-28 10:16:48.684195
CEA059,FUNDAMENTOS DE GEOMETRIA ANALITICA E ALGEBRA LINEAR,Sistema de equações lineares e matrizes. Álgebra vetorial. Retas e planos. Espaços vetoriais euclidianos. Transformações lineares euclidianas.,DECEA,2023-07-28 10:16:48.684195
CEA060,FUNDAMENTOS DE CALCULO,Expressões algébricas. Raízes de equações polinomiais. Funções reais. Conceitos de limite e continuidade. Introdução à derivada e integral. ,DECEA,2023-07-28 10:16:48.684195
CEA061,FISICA I,"Medição, erros e incerteza. Movimento retilíneo. Vetores. Movimento em duas e três dimensões. Força e movimento. Energia cinética e trabalho. Energia potencial e conservação da energia. Centro de massa e momento linear. Rotação. Rolamento, torque e momento angular.",DECEA,2023-07-28 10:16:48.684195
CEA062,FISICA II,Cargas elétricas. Campos elétricos. Lei de Gauss. Potencial elétrico. Capacitância. Corrente e resistência. Circuitos. Campos magnéticos. Campos magnéticos produzidos por correntes. Indução e indutância. Equações de Maxwell e magnetismo da matéria.,DECEA,2023-07-28 10:16:48.684195
CEA063,FISICA III,"Equilíbrio estático. Elasticidade e mecânica dos materiais. Gravitação. Fluidos. Oscilações. Ondas em meios elásticos. Ondas sonoras. Temperatura, calor e a primeira lei da termodinâmica. Fenômenos de transporte. Teoria cinética dos gases. Entropia e a segunda lei de termodinâmica.",DECEA,2023-07-28 10:16:48.684195
CEA064,FISICA IV,Oscilações eletromagnéticas e corrente alternada. Ondas eletromagnéticas. Imagens. Interferência. Difração. Relatividade. Fótons. Ondas de matéria. Átomos. Condução de eletricidade nos sólidos.,DECEA,2023-07-28 10:16:48.684195
CEA065,MECANICA QUANTICA APLICADA,Equação de Schrödinger. Física atômica. Física molecular. Estatística quântica. Física do estado sólido. Semicondutores. Dispositivos semicondutores. Materiais e dispositivos optoeletrônicos. Questões conceituais da mecânica quântica. Física nuclear. ,DECEA,2023-07-28 10:16:48.684195
CEA066,FUNDAMENTOS DE CIENCIA DO AMBIENTE,"Poluição ambiental. Poluição atmosférica. Poluição hídrica. Poluição dos solos. Ciclos biogeoquímicos. Gestão e legislação ambiental. Energia, meio ambiente e avaliação de impactos ambientais.",DECEA,2023-07-28 10:16:48.684195
CEA067,PRINCIPIOS DE CIENCIAS DE MATERIAIS,Materiais usados na engenharia. Ordenação atômica dos sólidos. Metais monofásicos. Materiais polifásicos: equilíbrio. Materiais orgânicos. Materiais cerâmicos. Novos materiais. Corrosão e degradação de materiais.,DECEA,2023-07-28 10:16:48.684195
CSI002,ALGORITMOS I,"Arquitetura e funcionamento básico de um computador. Estratégias básicas de
solução de problemas por meio de algoritmos. Conceitos básicos de linguagens de
programação de alto nível, com aplicação na linguagem Python: sequenciamento de
instruções, controle de fluxo de execução, procedimentos e funções, entrada e saída de
dados e manipulação de arquivos.",DECSI,2023-07-28 10:16:48.684195
CSI009,FUNDAMENTOS DE SISTEMAS DE INFORMACAO,"Bases conceituais e filosóficas da área de Sistemas de Informação. Os conceitos, objetivos, funções e 
componentes dos sistemas de informação. As relações entre sistemas e ambiente. Hierarquia de Sistemas. As dimensões tecnológicas, organizacional e humana dos sistemas de informação. Os tipos de sistemas de informação. Principais elementos de Tecnologia da Informação (Hardware e Software). Caracterização do processo decisório nas organizações e sua relação com os Sistemas de Informação. Caracterização do ciclo da informação na organização. Estabelecimento de relações entre tipos de situações-problema gerenciais no contexto organizacional.
",DECSI,2023-07-28 10:16:48.684195
CSI011,MATEMATICA DISCRETA,"Lógica de primeira ordem: sintaxe, semântica, dedução natural e raciocínio algébrico. Teoria de Conjuntos, Relações, Funções, Demonstração de Teoremas, Recursão e Indução
Matemática.
",DECSI,2023-07-28 10:16:48.684195
CSI030,PROGRAMACAO DE COMPUTADORES I,"Arquitetura e funcionamento básico de um computador.Conceito de algoritmo e estratégias básicas de solução de problemas por meio de algoritmos. Estruturas de seleção e repetição. Conceitos básicos de linguagens de programação de alto nível: variáveis, tipos primitivos, atribuição, operadores, expressões, fluxo de execução de programas, procedimentos e funções, vetores, ponteiros, entrada e saída de dados. Alocação de memória: estática, de pilha e dinâmica. Tipos de dados estruturados. Implementação de programas de pequeno porte.",DECSI,2023-07-28 10:16:48.684195
CSI032,PROGRAMACAO DE COMPUTADORES II,"Conceitos de modularização, abstração e encapsulamento. Reuso de código. Conceito de classe. Composição e Agregação. Herança (polimorfismo de subtipagem): Herança simples e múltipla. Tratamento de exceção. Sobrecarga. Polimorfismo paramétrico. Programação por contratos. Noções
de padrões de projeto.",DECSI,2023-07-28 10:16:48.684195
CSI101,PROGRAMACAO DE COMPUTADORES I,"Conceitos básicos de computação. Variáveis, constantes, tipos de dados e entrada/saída. Expressões e comandos condicionais. Comandos de repetição. Funções. Vetores. Ponteiros e alocação dinâmica de memória. Tipos heterogêneos de dados.
Implementação de programas de pequeno porte.
",DECSI,2023-07-28 10:16:48.684195
CSI102,PROGRAMACAO DE COMPUTADORES II,"Conceitos de modularização, abstração e encapsulamento. Reuso de código. Conceito de classe. Composição e Agregação. Herança (polimorfismo de subtipagem): Herança simples e múltipla. Tratamento de exceção. Sobrecarga. Polimorfismo paramétrico. Programação por contratos. Noções de padrões de projeto.
",DECSI,2023-07-28 10:16:48.684195
CSI103,ALGORITMOS E ESTRUTURAS DE DADOS I,"Noções de análise de complexidade de algoritmos. Recursividade. Tipos Abstratos de Dados. Estruturas de dados lineares: Pilha, Fila e Lista. Estruturas de dados hierárquicas: Árvore Binária, Árvore Vermelho e Preta, Heaps. Algoritmos e técnicas de busca e de ordenação.",DECSI,2023-07-28 10:16:48.684195
CSI104,ALGORITMOS E ESTRUTURAS DE DADOS II,"Organização dos dados em memória secundária. Arquivos: Acesso sequencial e acesso randômico. Registros de tamanho fixo e variável. Ordenação em disco. Reutilização de espaço. Indexação de arquivos: Árvores B, B+ e B*. Tabela Hash. Casamento de padrões em texto. Compressão de dados: run length, código de Huffman e LZW.
",DECSI,2023-07-28 10:16:48.684195
CSI105,ALGORITMOS E ESTRUTURAS DE DADOS III,"Análise de complexidade de algoritmos: complexidade de tempo e espaço, medidas empíricas de desempenho, análise assintótica e recorrências. Algoritmos em Grafos: busca em largura e em profundidade, grafos eulerianos e hamiltonianos, árvore geradora mínima, problema do caminho mínimo, fluxo em redes. Paradigmas e Técnicas de Programação. Intratabilidade de problemas: Classes de Problemas, Redutibilidade, Teoremas e Provas.",DECSI,2023-07-28 10:16:48.684195
CSI106,FUNDAMENTOS TEORICOS DA COMPUTACAO,"Noções de Conjuntos Enumeráveis. Linguagens regulares, livre do contexto, sensível ao contexto, recursivas e recursivamente enumeráveis. Propriedades de linguagens. Tipos de reconhecedores. Gramáticas e manipulações de sobre gramáticas. Equivalências entre os diversos formalismos. Noções de decidibilidade.",DECSI,2023-07-28 10:16:48.684195
CSI107,LINGUAGENS DE PROGRAMACAO,"Conceitos Básicos de linguagens de Programação: Sintaxe e Semântica de Linguagens de Programação. Conceitos de Compilador e Interpretador. Tipos de Dados, Expressões, Comandos, Controle de fluxo e execução. Sistemas de Tipos Estáticos e Dinâmicos. Polimorfismo: Polimorfismo universal paramétrico, Polimorfismo universal de subtipagem e Polimofismo de Sobrecarga. Paradigmas de linguagem de programação: Paradigma imperativo, Paradigma Funcional e Paradigma Lógico.",DECSI,2023-07-28 10:16:48.684195
CSI148,ANALISE NUMERICA,"Números aproximados: erro, estabilidade e convergência. Sistemas lineares: inversão de matrizes. Zeros de funções; interseção de curvas. Interpolação. Métodos de integração. Resolução numérica de equações diferenciais ordinárias de primeira ordem. Autovalores e autovetores.  Implementação de algoritmos numéricos em linguagens de programação.",DECSI,2023-07-28 10:16:48.684195
CSI201,INTRODUCAO A ENGENHARIA DE COMPUTACAO,"Visão geral de tópicos a serem abordados no curso de Engenharia de Computação e sua abrangência, focando em 
aspectos profissionais, experimentais e motivacionais da área.
",DECSI,2023-07-28 10:16:48.684195
CSI202,ORGANIZACAO E ARQUITETURA DE COMPUTADORES I ,"Introdução ao sistema computacional: hardware e software. Sistemas de numeração. Portas e Álgebra booleana. RISC e CISC. Códigos de correção de erro. Dispositivos de entrada e saída. Hierarquia de Memória. Conjunto de instruções. Paralelismo. Unidade de Controle. Organização interna de um processador. Memória Virtual.
",DECSI,2023-07-28 10:16:48.684195
CSI203,ORGANIZACAO E ARQUITETURA DE COMPUTADORES I,"Introdução ao sistema computacional: hardware e software. A Arquitetura do Conjunto de Instruções. A Aritmética dos
Computadores. A Arquitetura dos Processadores. Projeto dos Processadores: Máquinas monociclo e multiciclo, o
caminho de dados e de controle. Programação em Linguagem de Montagem e Processadores Atuais. O Princípio da 
Hierarquia de Memória: Memória cache. 
",DECSI,2023-07-28 10:16:48.684195
CSI204,SISTEMAS OPERACIONAIS,"Histórico do desenvolvimento de sistemas operacionais. Fundamentos de sistemas operacionais, funções e características. Arquitetura de sistemas operacionais. Gerenciamento de processos. Threads. Comunicação entre processos. Escalonamento de processos. Gerenciamento de memória. Memória Virtual. Gerenciamento de dispositivos de entrada e saída. Sistemas de arquivos: segurança e proteção.",DECSI,2023-07-28 10:16:48.684195
CSI301,REDES DE COMPUTADORES I,"Introdução a Redes de Computadores e a Internet. Terminologia, aplicações e topologias. Arquitetura TCP/IP e protocolos. Camada Física. Camada de enlace . Subcamada de controle de acesso ao meio. Camadas de Rede, de Transporte e de Aplicação.",DECSI,2023-07-28 10:16:48.684195
CSI302,SISTEMAS DISTRIBUIDOS,Conceitos fundamentais de sistemas distribuídos. Comunicação. Sincronização. Consistência e replicação. Tolerância a falhas. Sistemas de arquivos distribuídos e sistemas de nomes. Memória compartilhada e distribuída. Transações e controle de concorrência.,DECSI,2023-07-28 10:16:48.684195
CSI303,SEGURANCA E AUDITORIA DE SISTEMAS,"Conceitos e tipos de ameaças, riscos e vulnerabilidades dos sistemas de informação. Conceitos e objetivos da segurança de informações. Planejamento, implementação e avaliação de políticas de segurança de informações. Conceito e objetivos da auditoria de sistemas de informação. Técnicas de auditoria em sistemas de informação. Softwares de auditoria. Estrutura da função de auditoria de sistemas de informação nas organizações.
",DECSI,2023-07-28 10:16:48.684195
CSI305,INTERNET DAS COISAS,"Conceitos de Internet das coisas. Arquitetura básica dispositivos embarcados inteligentes. Sistemas RFID. Sensores e redes sensores sem fio. Integração RFID e RSSF. Tecnologias para conectividade: Ipv6, 6lowpan. Redes intermitentes. Sistemas IoT. Plataformas de desenvolvimento IoT.
",DECSI,2023-07-28 10:16:48.684195
CSI403,ENGENHARIA DE SOFTWARE I,"Introdução a Engenharia de Software. Processos de Software. Engenharia de
Requisitos. Linguagem de Modelagem Unificada.
",DECSI,2023-07-28 10:16:48.684195
CSI404,ENGENHARIA DE SOFTWARE II,Modelagem de Sistemas. Projeto de Arquitetura. Testes de Software. Evolução de Software. Reuso de Software. Gerenciamento de Projetos. Gerenciamento de Qualidade. Gerenciamento de Configuração. Melhoria de Processos. Padrões de Projeto.,DECSI,2023-07-28 10:16:48.684195
CSI405,GERENCIA DE PROJETOS DE SOFTWARE,Introdução a Gestão de Projeto. Processos de Gerenciamento de Projeto. Gerenciamento do Escopo. Gerenciamento do Tempo. Gerenciamento dos Custos. Gerenciamento da Qualidade. Gerenciamento dos Riscos. Gestão Ágil de Projetos de Software. Princípios de Desenvolvimento Lean de Software.,DECSI,2023-07-28 10:16:48.684195
CSI406,DESENVOLVIMENTO AGIL DE SOFTWARE,Introdução aos Métodos Ágeis. Exemplos de Métodos Ágeis. Práticas Ágeis de Desenvolvimento.,DECSI,2023-07-28 10:16:48.684195
CSI407,QUALIDADE DE SOFTWARE,Introdução a Qualidade e Medição de Software. Métricas de Produto de Software. Introdução a Engenharia de Software Empírica. Mau-cheiro em código (bad smell). Refatoração. Padrões de Projetos (GoF).,DECSI,2023-07-28 10:16:48.684195
CSI408,TESTE DE SOFTWARE,Introdução ao Teste de Software. Processos de Teste de Software. Técnicas de Teste de Software. Cobertura de Testes.,DECSI,2023-07-28 10:16:48.684195
CSI419,LINGUAGENS DE PROGRAMACAO,"Programação em Lógica, Programas lógicos, Resolução SLD, Negação em programas lógicos, corte,
A linguagem Prolog, Estruturas de dados: Listas e árvores. Programação funcional: funções simples,
tipos básicos, avaliação sob demanda, funções de ordem superior, funções currificadas, tipos de dados
algébricos, Estruturas de dados: Listas, Arvores e Mapas, sobrecarga, Mônadas de IO e de estado.",DECSI,2023-07-28 10:16:48.684195
CSI427,METODOLOGIA DE PESQUISA APLICADA A COMPUTACAO,Ciência e tecnologia. Filosofia e classificação das ciências. Método científico. Preparação de projetos de pesquisa e monografias. Técnicas de coleta e análise de dados. Pesquisa experimental e não-experimental. Ética em ciência.,DECSI,2023-07-28 10:16:48.684195
CSI428,ALGORITMOS E ESTRUTURA DE DADOS I,"Conceito de tipos abstratos de dados. Tipos abstratos de dados (caracterização e propriedades): listas, pilhas, filas, árvores, coleções. Algoritmos de pesquisa e ordenação.",DECSI,2023-07-28 10:16:48.684195
CSI429,ALGORITMOS E ESTRUTURA DE DADOS II,"Organização dos dados em memória secundária. Arquivos: Acesso seqüêncial e acesso randômico. Registros de tamanho fixo e variável. Ordenação em disco. Reutilização de espaço. Indexação de arquivos: Árvores B, B+ e B*. Tabela Hash. Casamento de padrões. Compressão de dados. Criptografia",DECSI,2023-07-28 10:16:48.684195
CSI433,SISTEMAS DISTRIBUIDOS,"Conceitos fundamentais de sistemas distribuídos. Comunicação. Sincronização. Consistência e replicação.
Tolerância a falhas. Segurança. Sistemas de arquivos distribuídos e sistemas de nomes. Memória compartilhada e
distribuída.
Transações e controle de concorrência.",DECSI,2023-07-28 10:16:48.684195
CSI437,SISTEMAS OPERACIONAIS,"Histórico do desenvolvimento de sistemas operacionais. Fundamentos de sistemas operacionais, funções e características. Arquitetura de sistemas operacionais. Gerenciamento de processos. Threads. Comunicação entre
processos. Escalonamento de processos. Gerenciamento de memória. Memória Virtual. Gerenciamento de dispositivos de entrada e saída. Sistemas de arquivos: segurança e proteção.",DECSI,2023-07-28 10:16:48.684195
CSI440,BANCO DE DADOS I,"Conceitos e Arquitetura de Banco de Dados. Projeto Conceitual: Modelo Entidade-Relacionamento, Ferramentas CASE, Dicionário de Dados. Projeto Lógico: Modelo Relacional, Álgebra Relacional, Cálculo Relacional.
Linguagem SQL. Dependência Funcional e Normalização de Banco de Dados. Projeto Físico e Projeto de Sistemas de Banco de Dados.",DECSI,2023-07-28 10:16:48.684195
CSI443,MATEMATICA DISCRETA,"Lógica de primeira ordem: sintaxe, semântica, dedução natural e raciocínio algébrico. Teoria de Conjuntos, Relações, Funções, Demonstração de Teoremas, Recursão e Indução Matemática.",DECSI,2023-07-28 10:16:48.684195
CSI450,INTERACAO HUMANO-COMPUTADOR,"Interface e interação: conceitos básicos e contextualização. Qualidade em IHC. Fundamentos teóricos em IHC.
Processos de design da interação. Design da interação. Avaliação de sistemas interativos.",DECSI,2023-07-28 10:16:48.684195
CSI457,INTELIGENCIA ARTIFICIAL,"Conceitos básicos. Sistemas baseados em Conhecimento: Representação do Conhecimento, Automatização do
Raciocínio, Sistemas Especialistas. Resolução de Problemas. Aprendizagem Automática. Percepção.
Planejamento. Introdução a Sistemas Multi Agentes e a Redes Neurais. Lógica Fuzzy. Algoritmos genéticos.",DECSI,2023-07-28 10:16:48.684195
CSI466,TEORIA DOS GRAFOS,"Noções básicas sobre Grafos. Isomorfismos. Trilhas, Caminhos e Ciclos. Árvores. Planaridade. Coloração. Casamentos. Algoritmos.",DECSI,2023-07-28 10:16:48.684195
CSI476,FUNDAMENTOS TEORICOS DA COMPUTACAO,"Noções de Conjuntos Enumeráveis. Linguagens regulares, livre do contexto, sensível ao contexto, recursivas e
recursivamente enumeráveis. Propriedades de linguagens. Tipos de reconhecedores. Gramáticas e manipulações
de sobre gramáticas. Equivalências entre os diversos formalismo. Noções de decidibilidade.",DECSI,2023-07-28 10:16:48.684195
CSI485,ENGENHARIA DE SOFTWARE I,"Introdução à Engenharia de Software. Processos de Desenvolvimento. A linguagem UML. Engenharia de Requisitos: Requisitos funcionais e não funcionais. Elicitação, análise e validação de requisitos.",DECSI,2023-07-28 10:16:48.684195
CSI488,ALGORITMOS E ESTRUTURA DE DADOS I,"Noções de análise de complexidade de algoritmos. Recursividade. Noção de abstração. Tipos abstratos de dados. Estruturas de dados Lineares: pilha, fila e lista. Estruturas de dados hierárquicas: Árvore, filas de prioridade. Algoritmos de ordenação.",DECSI,2023-07-28 10:16:48.684195
CSI491,INFORMATICA E SOCIEDADE,"O papel do computador na sociedade contemporânea: impactos, consequências e tendências. Os novos paradigmas da sociedade da informação e seus aspectos econômicos, sociais, políticos e educacionais. Ética e a profissão. Direitos e deveres do profissional. Associações, órgãos de classe e seus objetivos.",DECSI,2023-07-28 10:16:48.684195
CSI495,TRABALHO DE CONCLUSAO DE CURSO I,,DECSI,2023-07-28 10:16:48.684195
CSI496,TRABALHO DE CONCLUSAO DE CURSO II,,DECSI,2023-07-28 10:16:48.684195
CSI504,INTERACAO HUMANO-COMPUTADOR,"Interface e interação: conceitos básicos e contextualização. Qualidade em IHC. Fundamentos teóricos em IHC. Processos de design da interação. Design da interação.
Avaliação de sistemas interativos.
",DECSI,2023-07-28 10:16:48.684195
CSI506,COMPILADORES I,"Análise Léxica, Análise Sintática: Análise descendente; Análise ascendente; Análise LR; Ambiguidade, Análise
semântica: Verificação de tipos, Geração de código intermediário, Gerenciamento de memória, Alocação de
espaço na pilha, Gerenciamento de heap, Geração de código.
",DECSI,2023-07-28 10:16:48.684195
CSI507,DESIGN E DESENVOLVIMENTO DE JOGOS,"Conceitos básicos de jogos digitais. Aplicações de jogos digitais. Papéis e processos na produção de jogos. Métodos e ferramentas. Produção de jogos digitais: concepção; design; desenvolvimento; testes e avaliação; documentação; pós-produção. Tópicos especiais em jogos.
",DECSI,2023-07-28 10:16:48.684195
CSI508,COMPUTACAO GRAFICA,"Conceitos básicos. Noções de imagens. Transformações geométricas e coordenadas homogêneas.
Sistemas gráficos 2D. Visualização em 3D: Z-Buffer, BSP. Algoritmos de recorte e seleção.
Algoritmos de rasterização. Modelos de iluminação e métodos para geração de superfícies.
",DECSI,2023-07-28 10:16:48.684195
CSI509,ORGANIZACAO E ARQUITETURA DE COMPUTADORES II,Revisão de conceitos básicos de organização de máquinas CISC e introdução de organização de máquinas RISC. Organização de processadores: bloco operacional e bloco de controle. Organização de pipelines. Máquinas super escalares. Organização de Memória: memória cache e memória virtual. Introdução a máquinas paralelas.,DECSI,2023-07-28 10:16:48.684195
CSI510,REDES DE COMPUTADORES II,"Redes TCP/IP: interconexão de redes, protocolos de inter-rede, protocolos de roteamento, camada de transporte. Garantia de qualidade de serviço. Técnicas de transmissão confiável. Difusão Seletiva. Tópicos avançados.",DECSI,2023-07-28 10:16:48.684195
CSI546,PROJETO E ANALISE DE ALGORITMO,"
Crescimento assintótico de funções e notação assintótica. Técnicas de análise de complexidade de algoritmos.
Técnicas de projeto de algoritmos: força bruta, incremental e divisão e conquista. Algoritmos gulosos. Programação dinâmica. 
Algoritmos aproximados. Provas de limite inferior. Problemas intratáveis. 
",DECSI,2023-07-28 10:16:48.684195
CSI548,REDES DE COMPUTADORES I,"Introdução a Redes de Computadores e Internet. Terminologia, aplicações e topologias Modelos de arquitetura (OSI/ISO e TCP/IP) e protocolos. Camada Física. Cabeamento metálico e óptico. Camada de enlace de dados. A subcamada de controle de acesso ao meio. Equipamentos de Interconexão de redes. Redes Locais sem Fio. Camada de Rede, Transporte e Aplicação.",DECSI,2023-07-28 10:16:48.684195
CSI601,FUNDAMENTOS DE SISTEMAS DE INFORMACAO,"Fundamentos de Sistemas de Informação. Componentes de Sistemas de Informação. Tipos de Sistemas de Informação. Sistemas de Informação Integrados. Vantagem competitiva e suas relações com Sistemas de Informação. Globalização e estratégias globais com uso de Sistemas de Informação.
",DECSI,2023-07-28 10:16:48.684195
CSI602,BANCO DE DADOS I,"Conceitos de bancos de dados. Modelos de dados e arquiteturas de bancos de dados. Projeto de Banco de dados. Modelo Entidade-Relacionamento. Modelo Relacional. Álgebra relacional e Cálculo relacional. Linguagem SQL. Normalização de bancos de dados. Novas tecnologias, aplicações e administração de banco de dados.
",DECSI,2023-07-28 10:16:48.684195
CSI603,BANCO DE DADOS II,"Aspectos operacionais dos sistemas gerenciadores de bancos de dados relacionais: índices, processamento e otimização de consultas, gerenciamento de transações, controle de concorrência, recuperação de falhas e segurança. Modelos de dados não relacionais.
",DECSI,2023-07-28 10:16:48.684195
CSI605,SISTEMAS DE APOIO A DECISAO,"Sistemas de informação de suporte ao processo decisório tático e estratégico. Metodologia multicritério de apoio à decisão. Big Data: Conceitos de volume, velocidade, variedade e veracidade. Tecnologias de Big Data. Business Intelligence (BI): Conceitos introdutórios e aplicações nas empresas. Data Warehousing: Características e funcionalidades, projeto, desenvolvimento, análise OLAP. Mineração de Dados: Características e aplicabilidade, tarefas e tipos de tarefas, técnicas.",DECSI,2023-07-28 10:16:48.684195
CSI606,SISTEMAS WEB I,"Histórico da Web e W3C. Internet e Web: conceitos básicos, protocolo HTTP, navegadores web, servidores HTTP e Arquitetura de sistemas Web. Sistemas gerenciadores de conteúdo. Linguagens de marcação. Folhas de Estilo. Linguagens para desenvolvimento Web do lado do cliente e do lado do servidor. Principais frameworks para o desenvolvimento e de
apoio. Novas tecnologias.
",DECSI,2023-07-28 10:16:48.684195
CSI609,ANALISE DE MIDIAS SOCIAIS,"Conceitos, definições e algoritmos de busca em grafos. Análise e modelagem de comportamento social. Propagação de informação e influência social. Predição de popularidade e evolução temporal de redes sociais. Técnicas de coleta de dados em redes sociais. Comportamento coletivo. Redes de informação e busca na Web.",DECSI,2023-07-28 10:16:48.684195
CSI693,AVALIACAO DE DESEMPENHO DE SISTEMAS,"Conceitos e técnicas para a avaliação de desempenho de sistemas computacionais: análise, avaliação, medição, modelagem e simulação; modelos determinísticos e probabilísticos; teoria de filas; planejamento da capacidade; projeto de desempenho de sistemas computacionais; experimentação e benchmarking.",DECSI,2023-07-28 10:16:48.684195
CSI701,INTELIGENCIA ARTIFICIAL,"Conceitos básicos. Sistemas baseados em conhecimento: representação do conhecimento, automatização do raciocínio, sistemas especialistas. Resolução de problemas. Estratégias de busca: sem informação, heurística e competitiva. Agentes lógicos e aprendizagem automática. Percepção. Planejamento. Algoritmos genéticos. Introdução à redes neurais.
",DECSI,2023-07-28 10:16:48.684195
CSI702,INTELIGENCIA COMPUTACIONAL PARA OTIMIZACAO ,"Introdução aos métodos aproximados ou heurísticos. Algoritmos metaheurísticos ou heurísticas inteligentes: definição, diferenças entre metaheurísticas e heurísticas convencionais. Metaheurísticas de Busca Local. Metaheurísticas de Busca Populacional. Aplicações de metaheurísticas à resolução de problemas de otimização combinatória.
",DECSI,2023-07-28 10:16:48.684195
CSI703,COMPUTACAO EVOLUCIONARIA,Fundamentos e aplicações de algoritmos evolucionários. Problemas e técnicas.,DECSI,2023-07-28 10:16:48.684195
CSI704,APRENDIZAGEM DE MAQUINA,"Técnicas de aprendizado de máquina para classificação, regressão, agrupamento e detecção de exceções. Aplicações em problemas com bases de dados reais. Medidas de
Desempenhos de Máquinas de Aprendizagem. Aplicações.
",DECSI,2023-07-28 10:16:48.684195
CSI705,APRENDIZAGEM PROFUNDA,"Probabilidade e Teoria da Informação. Noções básicas de Aprendizagem de Máquina.
Teoria e aplicações de aprendizagem profunda.
",DECSI,2023-07-28 10:16:48.684195
CSI801,GESTAO DA INFORMACAO,"Conceito de dado, informação e conhecimento no contexto da Gestão da Informação. Valor da Informação para as organizações. O Fluxo da Informação nas Organizações. Tipos de Informação. Qualidade da Informação. Segurança da Informação. Modelos de Uso da Informação. Organização e Representação da Informação e do Conhecimento. Sistemas para a Gestão da Informação. Introdução à Ciência dos Dados. Introdução à Gestão do Conhecimento.",DECSI,2023-07-28 10:16:48.684195
CSI802,GESTAO DA TECNOLOGIA DA INFORMACAO,"Conceito de tecnologia da informação e sistemas de informação. Gestão de Processos de Negócio com TI. A Tecnologia da Informação como diferencial estratégico nas organizações. TI Verde. Administração de Infraestrutura de Tecnologia da Informação. Planejamento Estratégico de Tecnologia da Informação. Avaliação dos investimentos
estratégicos em TI. Governança de TI.
",DECSI,2023-07-28 10:16:48.684195
CSI901,INFORMATICA E SOCIEDADE,"A Sociedade da Informação. Os novos paradigmas da sociedade da informação e seus aspectos econômicos, sociais, políticos e educacionais. Legislação sobre informação no Brasil. Questões Éticas. O profissional de Computação. Educação das relações étnico-raciais e para o ensino de história e cultura afro-brasileira, africana e indígena. Educação em Direitos
Humanos.
",DECSI,2023-07-28 10:16:48.684195
CSI902,METODOLOGIA DE PESQUISA,"Conhecimento científico e ciência. Métodos científicos. Redação de projetos de pesquisa, artigos e monografias. Pesquisa bibliográfica. Introdução ao LaTeX. Técnicas para apresentação de trabalhos. Projeto e análise de experimentos. Ética em ciência.",DECSI,2023-07-28 10:16:48.684195
CSI998,TRABALHO DE CONCLUSAO DE CURSO I,Elaboração de proposta de trabalho científico e/ou tecnológico envolvendo temas abrangidos pelo curso.,DECSI,2023-07-28 10:16:48.684195
CSI999,TRABALHO DE CONCLUSAO DE CURSO II,Elaboração de proposta de trabalho científico e/ou tecnológico envolvendo temas abrangidos pelo curso.,DECSI,2023-07-28 10:16:48.684195
CEA026,DESENHO COMPUTACIONAL,"Sistemas de representação. Desenho técnico: material, normas técnicas, vistas ortográficas. Perspectivas, cortes e seções. Desenho arquitetônico: plantas e cortes de edificação. Desenho assistido por computador em 2D e 3D, Princípios de Computação Gráfica.",DEELT,2023-07-28 10:16:48.684195
CEA147,ELETRONICA EMBARCADA,"Importância de sistemas reconfiguráveis para engenharia. O fluxo de projeto. Síntese e implementação de circuitos reconfiguráveis. Métodos e ferramentas utilizados para desenvolvimento de sistemas digitais baseados em FPGAs (Field Programmable Gate Array). Configuração de FPGAs e interação com FPGAs. Linguagem VHDL para descrição, modelagem e síntese de hardware reconfigurável. Modelagem de sistemas digitais (funcional e temporal). Complex programmable logic devices (CPLDs).",DEELT,2023-07-28 10:16:48.684195
CEA204,INTRODUCAO A ENGENHARIA ELETRICA,"A UFOP, o DECEA e o curso de engenharia elétrica. A engenharia e o engenheiro. 
Palestras sobre engenharia elétrica. Medidas de prevenção e combate a incêndios.
",DEELT,2023-07-28 10:16:48.684195
CEA341,PRINCIPIOS DE ELETRONICA DIGITAL,Representação da Informação; Conceitos básicos de circuitos digitais. Álgebra booleana; Realização e minimização de funções booleanas; Portas lógicas. Introdução aos Circuitos Integrados. Circuitos combinacionais. Circuitos seqüenciais. Conversores Analógico/ Digitais. Elementos de memória e seus fundamentos,DEELT,2023-07-28 10:16:48.684195
CEA458,METODOLOGIA DA PESQUISA,"A natureza da ciência e da pesquisa: relação entre ciência, verdade, senso comum e conhecimento.    A produtividade do conhecimento científico. A pesquisa como instrumento de intervenção. O projeto de pesquisa e seus componentes. Abordagens alternativas de pesquisa. Técnicas de pesquisa: análise documental, amostragem, coleta e análise de dados.",DEELT,2023-07-28 10:16:48.684195
CEA502,ELETROMAGNETISMO,Campos elétricos e magnéticos estacionários. Campos elétricos e magnéticos variantes no tempo. Equações de Maxwell. Equações de Ondas. Ondas planas. Linhas de Transmissão. Princípios de Conversão de Energia.,DEELT,2023-07-28 10:16:48.684195
CEA550,MAQUINAS ELETRICAS I,"Conversão eletromecânica de energia. Máquinas de corrente contínua. Transformadores. Análise em regime permanente da operação como gerador e motor.
",DEELT,2023-07-28 10:16:48.684195
CEA551,MODELAGEM E ANALISE DE SISTEMAS LINEARES,Introdução à modelagem de sistemas físicos dinâmicos; sistemas elétricos; sistemas mecânicos; analogia entre sistemas elétricos e mecânicos; sistemas de fluidos; elementos eletromecânicos; elementos mecânico-hidráulicos; sistemas de primeira e segunda ordem; modelagem e análise de comportamento dos sistemas dinâmicos; introdução sobre sistemas de controle.,DEELT,2023-07-28 10:16:48.684195
CEA552,CIRCUITOS ELETRICOS I,"Fontes de tensão e corrente, Circuitos Resistivos, Leis de Kirchhoff, Métodos de analise, Teorema de redes, Amplificadores operacionais, Elementos armazenadores de energia, Excitação Senoidal, Relação fasorial para os elementos de circuitos, aplicações utilizando métodos e teoremas.",DEELT,2023-07-28 10:16:48.684195
CEA555,MODELAGEM E ANALISE DE SISTEMAS LINEARES,Introdução à modelagem de sistemas físicos dinâmicos; sistemas elétricos; sistemas mecânicos; analogia entre sistemas elétricos e mecânicos; sistemas de fluidos; elementos eletromecânicos; elementos mecânico-hidráulicos; sistemas de primeira e segunda ordem; modelagem e análise de comportamento dos sistemas dinâmicos; introdução sobre sistemas de controle.,DEELT,2023-07-28 10:16:48.684195
CEA560,MAQUINAS ELETRICAS II,Fundamentos de máquinas de corrente alternada. Máquina Síncrona e máquina de indução. Modelagem e análise em regime permanente. Máquinas especiais.,DEELT,2023-07-28 10:16:48.684195
CEA561,ELETRONICA I,Semicondutores. Diodos de junção. Circuitos com diodos. Diodos especiais. Retificadores. Transistores bipolares. Análise para pequenos sinais. Operação como amplificador. Transistores de Efeito de Campo. Transistores MOS. Operação como amplificador. Amplificadores Operacionais. Configurações Básicas. Circuitos com Amplificadores Operacionais. Implementação de Filtros e Resposta em Frequência. Osciladores.,DEELT,2023-07-28 10:16:48.684195
CEA562,SINAIS E SISTEMAS,"Sinais contínuos e discretos. Sistemas lineares e invariantes no tempo. Análise de Fourier de sinais
 contínuos. Análise de Fourier de sinais discretos. Filtragem através de sistemas lineares e 
invariantes no tempo. Transformada de Laplace e transformada Z. Amostragem de sinais. 
Aplicações.
",DEELT,2023-07-28 10:16:48.684195
CEA563,CIRCUITOS ELETRICOS II,"Excitação senoidal e fasores; Análise em regime permanente corrente alternada C.A; Potência em regime
permanente C.A; Circuitos trifásicos; Freqüência complexa e funções de rede; Resposta em freqüência; Circuitos
acoplados magneticamente; Métodos de Fourier; Transformadas de Laplace.",DEELT,2023-07-28 10:16:48.684195
CEA570,SISTEMAS DE CONTROLE I,"Sistemas. Modelagem matemática de sistemas lineares. Análise de sistemas no domínio do tempo.
Estabilidade. Análise de sistemas no domínio da freqüência. Lugar das raízes. Estratégias de
controle.Projetos de compensadores.",DEELT,2023-07-28 10:16:48.684195
CEA571,ELETRONICA II,"Filtros ativos e aspectos frequênciais, filtros Butterworth, filtros Chebyshev. Amplificadores realimentados e circuitos osciladores. Aplicações não lineares. Comparadores, conversores A/D e D/A, temporizadores, circuitos PLL. Amplificadores de grandes sinais. Pricípios de eletrônica de Potência",DEELT,2023-07-28 10:16:48.684195
CEA572,INSTRUMENTACAO,"Sistemas de medição. Instrumentos de medição. Medidas de comprimento, temperatura, pressão, vazão etc. Condicionamento e tratamento de sinais. Blindagem e aterramento. Sistemas de transmissão e aquisição de dados. Padronização e normas para ensaios metrológicos. Aferição e calibração.",DEELT,2023-07-28 10:16:48.684195
CEA573,SISTEMAS DE POTENCIA I,"Representação das linhas de Transmissão. Modelo de linha curta, média e longa. Modelagem dos demais componentes de um sistema de potência: Representação em p.u. Representação matricial dos sistemas de potência, matrizes de admitância e impedância. Eliminação de nós (Redução de Kron) e equivalentes de redes. Teoria de componentes simétricas.",DEELT,2023-07-28 10:16:48.684195
CEA580,MICROPROCESSADORES E MICROCONTROLADORES,"Breve histórico dos microprocessadores. Estudo da arquitetura de pelo menos um microprocessador e um microcontrolador real, e dispositivos lógicos complexos programáveis, com o exercício do conjunto de instruções e programação em linguagem montadora. Prática dos modos de endereçamento, manipulação de registros, pilhas, subrotinas; métodos de transferência de dados: polling, interrupções, acesso direto a memória; organização de memórias, interfaces seriais e paralelas; dispositivos de entrada e saída.",DEELT,2023-07-28 10:16:48.684195
CEA581,ELETRONICA DE POTENCIA,"Dispositivos semicondutores de potência: diodos, tiristores e transistores. Proteção e comutação de tiristores. Conversão estática de energia: CA-CC, CC-CA, CC-CC, CA-CA. Retificadores, chaveadores e inversores. Operação em onda\ quadrada e PWM. Harmônicos e filtros.",DEELT,2023-07-28 10:16:48.684195
CEA582,FUNDAMENTOS DE COMUNICACOES,"Introdução aos sistemas de comunicação. Produto e convolução de sinais. Análise espectral. Modulação em Amplitude. Modulação em frequência. Modulação por Pulsos.Modulações: AM, PM, FM, QAM, OFDM, PCM, PWM, PAM. Ruído. Introdução à Transmissão Digital. Modulação com e sem memória, demodulação coerente e não-coerente. Modulações com sinais digitais: ASK, FSK, PSK. Interferência Intersimbólica. Critério de Nyquist. Técnicas de 
múltiplo acesso, TDMA, FDMA, CDMA.
",DEELT,2023-07-28 10:16:48.684195
CEA583,SISTEMAS DE POTENCIA II,"Fluxo de potência em sistemas elétricos de potência (Gauss- Seidel, Newton Raphson, Linearizado). Cálculo de Faltas simétricas e assimétricas. Operação econômica de sistemas elétricos. Simulação Computacional.",DEELT,2023-07-28 10:16:48.684195
CEA590,ACIONAMENTOS ELETRICOS,"Introdução a sistemas de acionamentos, e aplicações. Critérios de projeto de sistemas de acionamentos e escolha de motores. Características estáticas e dinâmicas, especificação e modelagem de máquinas elétricas. Princípios de funcionamento, métodos de comando e especificação dos conversores estáticos: retificadores controladores, conversores controlados por fase, reguladores, inversores. Diagramas de comenado, chaves de partida e circuitos de proteção. Princípios gerais, comportamento estático e dinâmico, e desempenho dos sistemas de controle de velocidade e de posição, de máquinas c.c., de indução e síncrona: Partidas suaves. Frenagem regenerativa. Aplicações de redutores, momento de inércia, modelagem de cargas mecânica e exemplos de sistemas de acionamentos.",DEELT,2023-07-28 10:16:48.684195
CEA593,MATERIAIS ELETRICOS,"Conceitos básicos de ciência dos materiais. Tecnologia dos materiais elétricos. Materiais condutores, dielétricos, semicondutores e magnéticos. Propriedades e processos de fabricação. Materiais ópticos. Principais aplicações. Fibras óticas. Técnicas de microfabricação.",DEELT,2023-07-28 10:16:48.684195
CEA594,PROJETO INTEGRADOR,"Integrar, através de uma atividade de projeto prático contextualizado, os conhecimentos desenvolvidos nas unidades curriculares do curso. Desenvolver habilidades de trabalho prático em grupo, resolução de problemas, pensamento crítico, inovador, metodologia de desenvolvimento de projetos visando a aplicação das competências adquiridas no curso através de aplicação em projetos da área de Engenharia Elétrica.",DEELT,2023-07-28 10:16:48.684195
CEA595,INFORMATICA INDUSTRIAL,"Introdução aos Sistemas de Produção Automatizados: níveis, atividades, equipamentos. Computadores industriais: arquitetura, programação (linguagem C). Controladores Lógicos Programáveis (CLP): arquitetura, programação (linguagens de relés, Grafcet, linguagens de alto nível). Outros sistemas programáveis. Sensores e atuadores inteligentes.",DEELT,2023-07-28 10:16:48.684195
CEA597,INSTALACOES ELETRICAS,"Tópicos referentes aos sistemas e equipamentos de baixa, média tensão e subestações. Dimensionamento e projeto de instalações elétricas prediais, residenciais e comerciais. Luminotécnia. Normas e padrões de sistemas. Ferramentas de CAD E CAE.
",DEELT,2023-07-28 10:16:48.684195
CEA598,PROJETO EM ENGENHARIA ELETRICA,"Definição do problema da área de engenharia elétrica. Planejamento, organização e desenvolvimento do trabalho de conclusão de curso (TCC). Entrega do projeto de TCC. A organização de texto científico (normas ABNT) e formatação.",DEELT,2023-07-28 10:16:48.684195
CEA671,PROCESSAMENTO DIGITAL DE SINAIS,"Representação não-paramétrica de sistemas lineares invariantes no tempo. Dualidade tempo-freqüência: representação de sinais periódicos por séries de Fourier, transformada de Fourier contínua. Filtragem. Modulação. Amostragem e reconstrução. Interpolação e decimação. Transformada de Fourier discreta. Algoritmos rápidos. Princípios de estimação espectral. Projeto de filtros analógicos e digitais.
",DEELT,2023-07-28 10:16:48.684195
CEA710,PROBABILIDADE E PROCESSOS ESTOCASTICOS PARA ENGENHARIA,Teoria de probabilidade; variáveis aleatórias; distribuição de probabilidades; funções de variáveis aleatórias; geração de variáveis aleatórias; teoria de probabilidades para múltiplas variáveis; distribuição de probabilidade conjunta; soma de variáveis aleatórias; introdução aos processos estocásticos; introdução às cadeias de Markov.,DEELT,2023-07-28 10:16:48.684195
CEA712,TOPICOS ESPECIAIS EM TELECOMUNICACOES,"A ementa poderá contemplar tópicos em Telecomunicações, tais como:
Introdução à teoria da informação. Codificação. Sistemas de Radioenlace Digital. Sistemas por satélites: órbitas, tipos de satélites, análise de desempenho e dimensionamento de enlaces. Sistemas de Radiodifusão Digital. Técnicas de digitalização e compressão de áudio e vídeo. Padrões de TV digital. Transmissão e difusão de sinais digitais de áudio e vídeo.
",DEELT,2023-07-28 10:16:48.684195
CEA716,SISTEMAS DE CONTROLE II,Modelos matemáticos para análise e síntese de sistemas amostrados. Análise frequencial da amostragem e da recuperação. Estabilidade de sistemas amostrados. Análise  no domínio do tempo e da frequência. Projeto de sistemas de controle discretos.,DEELT,2023-07-28 10:16:48.684195
CEA717,IDENTIFICACAO DE SISTEMAS,"Introdução à Identificação de Sistemas: Motivação. Representações de Sistemas Lineares: Modelos AR, MA, ARMA, ARMAX entre outros. Métodos Determinísticos: Identificação em malha fechada e no domínio da frequência. Métodos Não Paramétricos: Identificação baseada nas funções de correlação. O Estimador de Mínimos Quadrados. Projeto de Testes e Escolha de Estruturas: Escolha e coleta de sinais; Seleção da estrutura de modelos. Validação de Modelos. Estudo de casos.",DEELT,2023-07-28 10:16:48.684195
CEA722,OTIMIZACAO DE SISTEMAS ELETRICOS,"Formulação de problemas de otimização. Propriedades geométricas dos espaços de busca: 
convexidade, diferenciabilidade, n-modalidade. Condições de otimalidade. Programação linear. 
Aplicações Programação não-linear: métodos determinísticos, métodos estocásticos.
",DEELT,2023-07-28 10:16:48.684195
CEA723,PLANEJAMENTO DE SISTEMAS DE ENERGIA ELETRICA,"Planejamento a longo prazo. Planejamento a curto e médio prazo. Previsão de carga. Planejamento 
da expansão da geração e da transmissão. Otimização. Confiabilidade
",DEELT,2023-07-28 10:16:48.684195
CEA725,GERACAO DE ENERGIA ELETRICA,"Energia e desenvolvimento. Formas de conversão de energia. Usinas hidroelétricas e termelétricas. 
Princípios de funcionamento dos sistemas de regulação de tensão e de frequência. Operação 
de pequenas e micro centrais hidroelétricas. Potencial eólico e características operativas de usinas 
eólicas. Potencial de energia solar e princípios de funcionamento de paineis fotovoltáicos. 
Sistemas de armazenamento de energia elétrica. Características técnicas de baterias. Princípios 
básicos do funcionamento de células de combustível. Aplicações e dimensionamento.
",DEELT,2023-07-28 10:16:48.684195
CEA728,CONTROLE DE ACIONAMENTOS ELETRICOS,Elementos de teoria de controle aplicado em sistemas eletrônicos de potência. Controladores clássicos PI e controladores inteligentes do tipo Fuzzy aplicados a conversores cc-cc e cc-ca. Sistemas de controle aplicados a fontes alternativas de energia.,DEELT,2023-07-28 10:16:48.684195
CEA735,TOPICOS ESPECIAIS EM SISTEMAS DE CONTROLE III ,"A ementa poderá contemplar tópicos em robótica, tais como: 

Introdução à robótica; Manipuladores robóticos; Controle de robôs; Robótica móvel; Planejamento de movimento; Localização de robôs; Veículos autônomos; Inteligência artificial e jogos; Sistemas multiagentes; Sistemas cooperativos.
",DEELT,2023-07-28 10:16:48.684195
CEA737,TOPICOS ESPECIAIS EM SISTEMAS ELETRICOS I,Conteúdo específico envolvendo assuntos atuais da área de sistemas elétricos.,DEELT,2023-07-28 10:16:48.684195
CEA739,TOPICOS ESPECIAIS EM SISTEMAS ELETRICOS III  ,Conteúdo específico envolvendo assuntos atuais da área de sistemas elétricos.,DEELT,2023-07-28 10:16:48.684195
CEA740,TOPICOS ESPECIAIS EM SISTEMAS ELETRICOS IV,Conteúdo específico envolvendo assuntos atuais da área de sistemas elétricos.,DEELT,2023-07-28 10:16:48.684195
CEA741,TOPICOS ESPECIAIS EM TELECOMUNICACOES I,Conteúdo específico envolvendo assuntos atuais da área de telecomunicações.,DEELT,2023-07-28 10:16:48.684195
CEA742,TOPICOS ESPECIAIS EM TELECOMUNICACOES II ,Conteúdo específico envolvendo assuntos atuais da área de telecomunicações.,DEELT,2023-07-28 10:16:48.684195
CEA744,TOPICOS ESPECIAIS EM TELECOMUNICACOES IV,Conteúdo específico envolvendo assuntos atuais da área de telecomunicações.,DEELT,2023-07-28 10:16:48.684195
ENP004,EXPRESSAO GRAFICA,"Sistemas de representação. Desenho técnico: material, normas técnicas, vistas ortográficas. Perspectiva cavaleira, perspectiva axiométrica, cortes e seções. Desenho arquitetônico: plantas e cortes de edificação. Desenho assistido por computador.",DEENP,2023-07-28 10:16:48.684195
ENP005,ERGONOMIA,"O conceito de atividade de trabalho. Trabalho prescrito e trabalho real. O caráter central, mediador e integrador da atividade de trabalho. Tarefa. Modos operatórios. Regulação. Constrangimentos. Cargas de trabalho: física, psíquica e cognitiva. Mecanismos e estratégias de regulação individual e coletiva. Diversidade e variabilidade dos indivíduos e dos sistemas técnicos e organizacionais. Estratégias de gestão da variabilidade pelos trabalhadores. Abordagem da situação de trabalho. Ergonomia e organização do trabalho. Ergonomia e segurança do trabalho.",DEENP,2023-07-28 10:16:48.684195
ENP012,PROGRAMACAO LINEAR E INTEIRA,Histórico e conceitos fundamentais. Modelagem de problemas e classificação de modelos matemáticos. Programação linear. Método simplex. Dualidade. Análise de sensibilidade. Interpretação econômica. Programação Inteira. Método Branch&Bound. Heurísticas.,DEENP,2023-07-28 10:16:48.684195
ENP014,ORGANIZACAO DO TRABALHO,Escolas de organização do trabalho. Organização do trabalho e intensificação do trabalho. Organização do trabalho e cargas de trabalho. Implicações ergonômicas da organização do trabalho. Organização do trabalho prescrita e organização do trabalho real. Organização do trabalho e competência.,DEENP,2023-07-28 10:16:48.684195
ENP015,MICROECONOMIA ,Elementos básicos da ciência econômica. Conceitos básicos da microeconomia. Teoria do consumidor. Teoria da firma. Equilíbrio da firma em diferentes estruturas de mercado. Introdução à teoria dos jogos.,DEENP,2023-07-28 10:16:48.684195
ENP017,TEORIA DAS ORGANIZACOES ,Conceitos relacionados e antecedentes históricos; Principais perspectivas teóricas; Abordagens contemporâneas em análise organizacional; Um panorama dos estudos organizacionais no Brasil.,DEENP,2023-07-28 10:16:48.684195
ENP019,PSICOLOGIA DO TRABALHO ,Psicopatologia do trabalho. Psicodinâmica do trabalho. Relação entre organização do trabalho e carga psíquica do trabalho. Organização do trabalho e funcionamento psíquico. Estratégias individuais e coletivas de defesa contra o sofrimento no trabalho. Trabalho e alienação. Atividade subjetivante. A métis e a inteligência astuciosa no trabalho. Saúde mental e trabalho. Psicologia ergonômica. Aspectos psicológicos da segurança do trabalho. Trabalho e subjetividade.,DEENP,2023-07-28 10:16:48.684195
ENP022,GESTAO DA QUALIDADE ,Conceitos básicos de qualidade de produto. Conceitos básicos de gestão da qualidade. Modelos de referência para gestão da qualidade. Ferramentas de apoio à gestão da qualidade. Aspectos econômicos e de custos da qualidade.,DEENP,2023-07-28 10:16:48.684195
ENP023,ENGENHARIA ECONOMICA ,"Conceitos iniciais: juros, taxas de juros e formas de capitalização. Equivalência de capitais. Amortização, empréstimos  e financiamentos. Elementos de contabilidade gerencial e introdução à administração financeira. Critérios de análise de investimentos. Fluxo de caixa. Teoria clássica de portifólios. Modelo CAPM. Investimentos sob incerteza. Custo médio ponderado de capital.",DEENP,2023-07-28 10:16:48.684195
ENP025,GESTAO DO CONHECIMENTO ,"Conhecimento, competência e saber tácito nas organizações. O modelo da competência, e as relações entre competência e eventos: Contribuições de Philippe Zarifian.  Relações entre competência individual e competência organizacional. Estratégias e tomadas de decisão nas organizações. Engenharia do conhecimento. Desenvolvimento cognitivo.",DEENP,2023-07-28 10:16:48.684195
ENP026,ADMINISTRACAO DE RECURSOS HUMANOS,"História, princípios básicos e condicionamentos da gerência de recursos humanos. Técnicas e as etapas essenciais para o planejamento e a implementação da gerência de recursos humanos em empresas e organizações. Tópicos atuais em gestão de recursos humanos.",DEENP,2023-07-28 10:16:48.684195
ENP028,GESTAO DA CADEIA DE SUPRIMENTOS,Visão sistêmica. Gestão da Cadeia de suprimentos e logística: definições e diferenças. Gestão da cadeia de suprimento: fornecimento e demanda. Mecanismos para coordenação. Tipos de relacionamento na cadeia de  suprimento. Iniciativas e práticas na cadeia de suprimentos. Projeto de cadeia de suprimentos. Logística Reversa na SCM. Medição de Desempenho na SCM.,DEENP,2023-07-28 10:16:48.684195
ENP029,GESTAO AMBIENTAL ,"Meio ambiente natural, cultural, artificial e do trabalho. Princípios e sistemas de gestão ambiental. Normas de gestão ambiental. Sustentabilidade. Ciclo de vida. Valorização de resíduos. Produção Mais Limpa. Educação Ambiental; Estudos de Impactos Ambientais.",DEENP,2023-07-28 10:16:48.684195
ENP042,INTRODUCAO A ENGENHARIA DE PRODUCAO,"Apresentação da Engenharia de Produção. Apresentação da Universidade Federal de
Ouro Preto. O Ensino da Engenharia de Produção. Evolução Histórica. Competências e
Habilidades do Engenheiro de Produção. Visão geral da matriz curricular do curso. A
contribuição de outras ciências na formação do Engenheiro de Produção. Áreas e subáreas da
Engenharia de Produção.",DEENP,2023-07-28 10:16:48.684195
ENP119,LOGISTICA ,Conceitos de logística. Histórico. O sistema logístico. Áreas da logística - Suprimento e Distribuição Física. Atividades da logística. Localização de Instalações Logísticas. Gestão de transportes. Gestão de estoques. Armazenagem. Serviço ao Cliente.Tecnologia de Informação aplicados à Logística. Logística Reversa. ,DEENP,2023-07-28 10:16:48.684195
ENP122,PLANEJAMENTO E CONTROLE DE PRODUCAO I ,"Modelo de sistemas de produção; O papel do sistema de produção na competitividade da empresa; 
Objetivos dos sistemas de produção; Tipos de sistemas de produção e arranjos físicos; 
Planejamento, Programação e controle da produção; Gestão de estoques.
",DEENP,2023-07-28 10:16:48.684195
ENP123,PLANEJAMENTO E CONTROLE DE PRODUCAO II ,"Evolução dos sistemas MRP I; MRP II; ERP; Sistema MRP I; MRP II; Filosofia JIT; OPT; Outras abordagens em PCP.
",DEENP,2023-07-28 10:16:48.684195
ENP141,CONTROLE ESTATISTICO DE QUALIDADE,"Conceitos de qualidade. Relação entre qualidade e produtividade. Custo da qualidade. Controle estatístico de qualidade. Gráficos de controle. Inspeção de qualidade; amostragem dupla, simples. Análise da capacidade de um processo. Repetibilidade e reprodutibilidade. Planejamento de Experimentos.",DEENP,2023-07-28 10:16:48.684195
ENP144,TEORIA GERAL DA ADMINISTRACAO,,DEENP,2023-07-28 10:16:48.684195
ENP150,ECONOMIA,,DEENP,2023-07-28 10:16:48.684195
ENP151,CIENCIA TECNOLOGIA E SOCIEDADE,"Introdução aos estudos de ciência, tecnologia e sociedade. Concepções tradicionais ocidentais e as novas abordagens. Desenvolvimento tecnológico. Políticas públicas e sistemas nacionais de ciência e tecnologia.
",DEENP,2023-07-28 10:16:48.684195
ENP152,ETICA E RESPONSABILIDADE SOCIOAMBIENTAL ,Conceitos e princípios da ética. Ética profissional. Ética na engenharia de produção. Ética nas empresas. Ética na sociedade. Relação entre o social e o ambiental. Responsabilidade socioambiental nas organizações. Legislação e normas relacionadas a ética e responsabilidade socioambiental.,DEENP,2023-07-28 10:16:48.684195
ENP153,PROGRAMACAO LINEAR,Histórico e conceitos fundamentais. Modelagem de problemas e classificação de modelos matemáticos. Programação linear. Método simplex. Dualidade. Análise de sensibilidade. Interpretação econômica. Uso de pacotes computacionais.,DEENP,2023-07-28 10:16:48.684195
ENP154,PLANEJAMENTO ESTRATEGICO E MERCADOLOGICO,O conceito de estratégia; O conceito de planejamento; Ambiente Geral; Ambiente Setorial; Níveis da estratégia;  A visão baseada nos recursos; A visão baseada no mercado; Segmentação de mercado e comportamento do consumidor;  Análise e planejamento estratégico e mercadológico.,DEENP,2023-07-28 10:16:48.684195
ENP155,CUSTOS INDUSTRIAIS,"Introdução à contabilidade: escrituração, balancete e fechamento do exercício. Custos de estoques. Sistemas de custos. Análise custo-volume-lucro. Custo padrão. Método dos centros de custos. Custeio baseado em atividades (ABC). Método da unidade de esforço de produção (UEP). Contabilidade de ganho.",DEENP,2023-07-28 10:16:48.684195
ENP156,GESTAO DE SERVICOS,"O papel e a natureza dos serviços, estratégia em serviços, conceito de serviço, projeto do sistema de entrega do serviço, gerenciamento da oferta e demanda, gestão de pessoas em serviços, modelos para avaliação da qualidade de serviço, os serviços e a tecnologia de informação.",DEENP,2023-07-28 10:16:48.684195
ENP157,ESTATISTICA II,"Visão geral de sistemas de desenvolvimento de produtos. Mensuração e Escalas. Elaboração de Questionários e Formulários. Análise multivariada: análise de componentes principais, análise fatorial e análise de 
conglomerados.
",DEENP,2023-07-28 10:16:48.684195
ENP158,MODELAGEM DE SISTEMAS PRODUTIVOS E LOGISTICOS I,"Modelagem de fluxos no chão de fábrica: linha de montagem, fabricação de múltiplos produtos e sistemas flexíveis. Seqüenciamento de operações e máquinas. Problemas de corte e empacotamento. Transporte de cargas. Sistemas de filas. Problemas integrados e aplicações à Engenharia de Produção.",DEENP,2023-07-28 10:16:48.684195
ENP159,SISTEMA DE DESENVOLVIMENTO DE PRODUTO,Definição e conceitos do sistema de desenvolvimento de produtos. Estrutura e organização do trabalho de desenvolvimento de produto. Ferramentas da gestão do desenvolvimento de produtos. Metodologias de projeto do produto. Fases do desenvolvimento do produto.,DEENP,2023-07-28 10:16:48.684195
ENP160,OTIMIZACAO COMBINATORIA,Modelos de programação linear inteira. Métodos de planos de corte. Método de enumeração Implícita. Método de separação e avaliação progressiva (branch and bound). Método de decomposição de Benders. Introdução ao Método de decomposição de Dantzig-Wolfe. Complexidade de algoritmos. Problemas e algoritmos clássicos de otimização combinatória. Aplicações.,DEENP,2023-07-28 10:16:48.684195
ENP161,SIMULACAO A EVENTOS DISCRETOS,"Introdução à Teoria das Filas. Amostragem aleatória simples e amostragem descritiva. Geração e testes de números aleatórios. Simulação de Monte Carlo. Análise de dados de entrada e saída de uma simulação. Distribuições usuais de probabilidades. Modelagem para simulação. Abordagem de simulação por eventos, por processo, por atividade e pelo método das três fases. Metodologias de desenvolvimento de modelos e programas de simulação. Linguagens e softwares de simulação. Aplicações de simulação na indústria.",DEENP,2023-07-28 10:16:48.684195
ENP473,COMPORTAMENTO ORGANIZACIONAL,"Fundamentos do comportamento organizacional. Motivação. Relações interpessoais, com ênfase no processo de interação analista-usuário. Trabalho em equipe. Liderança e comunicação.  O papel do agente de mudanças. Cultura organizacional. Aprendizagem Organizacional.",DEENP,2023-07-28 10:16:48.684195
ENP493,EMPREENDEDORISMO,"Características das pequenas e médias empresas brasileiras. Plano de negócios: planejamento, execução e apresentação. Marketing, finanças e gestão de pequenas e médias empresas. Refletir acerca deste tipo peculiar de agente realizador, procurando despertar nos participantes o espírito empreendedor e alertá-los sobre as exigências, encargos e riscos inerentes ao trabalho inovador. Discutir as razões que tornam o tema empreendedorismo um tópico de elevado interesse. Investigar os elementos psicológicos e sociológicos que influenciam os empreendedores. Tratar do perfil, das motivações e as competências específicas do empreendedor.",DEENP,2023-07-28 10:16:48.684195
ENP530,GESTAO POR PROCESSOS,Definições e conceitos. Modelos de processos. Tipos de operações de processos. Tipos de processos de manufatura e serviços. Análise e definição de microprocessos. Mapeando processos. Cálculo de capacidade e balanceamento de linha. Business Process Management (BPM). Modelo SCOR. Lean Six Sigma. Modelos de maturidade. Gestão da Manutenção,DEENP,2023-07-28 10:16:48.684195
ENP533,TOPICOS EM GESTAO DA PRODUCAO,,DEENP,2023-07-28 10:16:48.684195
ENP534,GESTAO DE PROJETOS,Metodologia de desenvolvimento de projetos (PMI – Project Management Institute e PMBOK – Project Management Body of Knowledge); Fases e componentes de um projeto; Planejamento e controle de projetos; Programação temporal de projetos; Ferramentas de apoio ao planejamento e controle de projetos.,DEENP,2023-07-28 10:16:48.684195
ENP569,TOP EM LOGISTICA E GESTAO DA CADEIA DE SUPRIMENTOS,,DEENP,2023-07-28 10:16:48.684195
ENP570,TOPICOS EM PESQUISA OPERACIONAL ,,DEENP,2023-07-28 10:16:48.684195
ENP572,TOPICOS EM ENGENHARIA DA SUSTENTABILIDADE ,,DEENP,2023-07-28 10:16:48.684195
ENP701,ENGENHARIA DE PROCESSOS MECANICOS,"Introdução aos processos de produção de materiais metálicos, cerâmicos, poliméricos e compósitos. Fundição. Conformação mecânica. Tratamentos Térmicos. Usinagem. Soldagem.",DEENP,2023-07-28 10:16:48.684195
DTE007,METODOLOGIAS DE ENSINO DA GEOGRAFIA,"A evolução e desenvolvimento das metodologias de ensino próprias da Geografia. O estudo dos conceitos, métodos e técnicas da ciência geográfica. Suas aplicabilidades no processo de ensino e aprendizagem",DEETE,2023-07-28 10:16:48.684195
DTE009,GEOGRAFIA DO BRASIL I,"A constituição do território brasileiro, suas dimensões e potencialidades; o quadro físico e a dinâmica socioeconômica brasileira",DEETE,2023-07-28 10:16:48.684195
DTE019,TRABALHO DE CONCLUSAO DE CURSO II,"Desenvolvimento do projeto de pesquisa, redação e defesa.",DEETE,2023-07-28 10:16:48.684195
DTE023,INTRODUCAO A EAD,"Ementa: Educação a Distância: conceitos e características; estrutura organizacional e metodológica do curso. Ambiente virtual: a plataforma Moodle e seus recursos pedagógicos. Alunos e a EaD: perfil, características e habilidades desejáveis. Organização do tempo. Recursos de informática e da internet mobilizados nos processos de ensino e de aprendizagem",DEETE,2023-07-28 10:16:48.684195
DTE027,PRATICA DE LEITURA E PRODUCAO DE TEXTO ACADEMICO,Pesquisa na internet. Fichamento. Resumo. Relatório de leitura. Artigo científico. Letramento acadêmico.,DEETE,2023-07-28 10:16:48.684195
DTE028,MATEMATICA ELEMENTAR II,Sequências. Progressões. Matrizes. Determinantes. Sistemas Lineares.,DEETE,2023-07-28 10:16:48.684195
DTE029,INTRODUCAO A INFORMATICA,"Hardware e Software. Softwares básicos, utilitários e aplicativos. Softwares matemáticos. Internet e o processo de ensino e aprendizagem de Matemática. Produção de materiais didáticos de Matemática.",DEETE,2023-07-28 10:16:48.684195
DTE030,CONSTRUCOES GEOMETRICAS,Elementos primitivos. Construções geométricas elementares. Construções de polígonos. Circunferência. Concordância de arcos. Construções por aproximação.,DEETE,2023-07-28 10:16:48.684195
DTE031,GEOMETRIA ESPACIAL,Paralelismo. Perpendicularismo. Poliedros. Prismas. Pirâmides. Cilindros. Cones.  Esferas. Troncos. Inscrição e Circunscrição de Sólidos. Superfícies e Sólidos de revolução.,DEETE,2023-07-28 10:16:48.684195
DTE034,ESTAGIO SUPERVISIONADO EM MATEMATICA I,"Observação, análise e interpretação de problemas concretos das organizações escolares em salas de aula do 6º ano do Ensino Fundamental. Categorias didáticas. Análise de livros didáticos de Matemática. Reflexão sobre os problemas de aprendizagem em salas de aula de matemática. Planejamento e regência de aulas. Elaboração do Relatório Final do Estágio Supervisionado.",DEETE,2023-07-28 10:16:48.684195
DTE040,ESTAGIO SUPERVISIONADO EM MATEMATICA III,"Observação, análise e interpretação de problemas concretos das organizações escolares em salas de aula do 8º ano do Ensino Fundamental. Categorias didáticas. Análise de livros didáticos de Matemática. Reflexão sobre os problemas de aprendizagem em salas de aula de matemática. Planejamento e regência de aulas. Elaboração do Relatório Final do Estágio Supervisionado.",DEETE,2023-07-28 10:16:48.684195
DTE041,INTRODUCAO A ALGEBRA LINEAR,Espaços vetoriais. Transformações lineares. Autovalores e autovetores. Operadores lineares. Diagonalização.,DEETE,2023-07-28 10:16:48.684195
DTE042,DIREITOS HUMANOS,"Noções de democracia, cidadania e direitos humanos. Declaração Universal dos

Direitos Humanos. A relação entre a educação, os direitos humanos e a cidadania. A consolidação do Estado Democrático e da Cidadania para a garantia dos direitos humanos. Projetos e práticas educativas promotoras da cultura de direitos humanos.",DEETE,2023-07-28 10:16:48.684195
DTE043,CALCULO DIFERENCIAL E INTEGRAL II,Aplicações de integrais. Métodos de integração. Sequências e séries infinitas. Diferenciação de funções reais de duas e mais variáveis.,DEETE,2023-07-28 10:16:48.684195
DTE048,LINGUA BRASILEIRA DE SINAIS: LIBRAS,"Histórico e concepções da Língua Brasileira de Sinais. Diferentes abordagens da Libras. Deficiência auditiva
e surdez: conceitos, cultura e a relação histórica com a língua dos sinais, características e diferenças.
Gramática / estrutura da língua. Noções básicas de tradução e interpretação.",DEETE,2023-07-28 10:16:48.684195
DTE071,FUNDAMENTOS FILOSOFICOS E SOCIOLOGICOS DA EDUCACAO,"Realizar análise crítica do cotidiano pedagógico-escolar em sua relação com a realidade socioeconômico política para compreender a relação teórico-prática da educação em seu contexto, sob o ponto de vista progressista, dialético, holístico e ético, visando desenvolver a autonomia, o senso crítico e ético em relação à sociedade, ao homem, à educação e ao cotidiano escolar. Desenvolver autonomia de pensamento, através de uma metodologia participativa e dialógica, de debates e de respeito à elaboração pessoal.",DEETE,2023-07-28 10:16:48.684195
DTE080,PESQUISA E PRATICA PEDAGOGICA III,Análise e avaliação crítica dos elementos teórico-metodológicos do processo de reconstrução do saber didático e do processo de ensino em Geografia. Análise do planejamento e da avaliação no ensino e aprendizagem. Concepções e procedimentos da avaliação. ,DEETE,2023-07-28 10:16:48.684195
DTE081,O ESPACO URBANO E A GEOGRAFIA,,DEETE,2023-07-28 10:16:48.684195
DTE085,GESTAO DO TRABALHO PEDAGOGICO II,"Democratização da educação no Brasil e gestão democrática da educação.  Gestão democrática na legislação. Gestão democrática como política pública: formas de participação na gestão dos sistemas educacionais.  Gestão democrática na organização do trabalho pedagógico com destaque ao trabalho dos coordenadores pedagógicos, professores e demais profissionais envolvidos na gestão educacional. Gestão, planejamento e avaliação educacional.",DEETE,2023-07-28 10:16:48.684195
DTE086,ESTAGIO SUPERVISIONADO II,"Concepção de escola, família e suas historicidades. A instituição escolar dos anos iniciais do Ensino Fundamental como espaço sociocultural e campo de trabalho do pedagogo/a. O atendimento educacional em escolas dos anos iniciais do Ensino Fundamental: estrutura física, administrativa e pedagógica. Legislações que regulamentam a oferta do Ensino Fundamental. Atores envolvidos no processo educacional nos anos iniciais do Ensino Fundamental. ",DEETE,2023-07-28 10:16:48.684195
DTE111,POLITICAS PUBLICAS EM EDUCACAO,"Políticas públicas no Estado do Bem-Estar Social e no neoliberalismo. Sociedade, estado, educação e construção da cidadania. As legislações educacionais e o sistema educacional brasileiro: seus níveis e modalidades. Políticas e planos educacionais no Brasil.",DEETE,2023-07-28 10:16:48.684195
DTE116,ENSINO E ORGANIZACAO DO TRABALHO ESCOLAR,"A história da organização do trabalho escolar. A organização social da classe. Organização 
dos espaços escolares. Organização dos tempos escolares. Práticas Pedagógicas inovadoras: vivências pedagógicas diferenciadas na educação básica. Ressignificando os espaços públicos democráticos. Projetos criativos/pedagogia diferenciada: Projeto de trabalho, Grupos de Trabalho Diferenciados – GTD, Oficinas temáticas.
",DEETE,2023-07-28 10:16:48.684195
DTE118,UTILIZACAO DE TECNOLOGIAS DA INFORMACAO E COMUNICACAO NA EDUCACAO MATEMATICA,O contributo das tecnologias de informação e comunicação para o ensino e aprendizagem da matemática. Informática e educação matemática. Programas matemáticos: vantagens e desvantagens. Alguns programas matemáticos e suas aplicações às salas de aula de matemática. A internet e seu potencial para a pesquisa e para o ensino e a aprendizagem de matemática.,DEETE,2023-07-28 10:16:48.684195
DTE120,GEOPROCESSAMENTO,,DEETE,2023-07-28 10:16:48.684195
DTE123,ESTAGIO SUPERVISIONADO II,Observar a prática docente e os procedimentos metodológicos para o ensino de Geografia na Educação Básica. Analisar as práticas docentes em sua amplitude e desafios. Avaliar as práticas docentes propostas e desenvolvidas.,DEETE,2023-07-28 10:16:48.684195
DTE129,GEOGRAFIA E TURISMO,"Geografia e Turismo – O espaço geográfico brasileiro e suas potencialidades turísticas. Categorias de análise em Geografia aplicadas às atividades turísticas. O Turismo, a produção e valorização do espaço geográfico. O turismo como fonte de desenvolvimento local.",DEETE,2023-07-28 10:16:48.684195
DTE132,ESCOLA E CURRICULO,"Ementa: Fundamentos da concepção curricular: o homem, o mundo, a educação e a escola.
Conceito de currículo no contexto sócio-político-econômico e educacional. Elementos teóricos
e etapas metodológicas do processo curricular. Formação dos educadores e sua atuação no
processo curricular. Teorias do currículo: tradicionais, críticas e pós-críticas. Currículo e 
151
cultura como prática de significação das relações sociais e de construção de sujeitos. Relações
entre currículo e projeto político pedagógico nos espaços formais e não-formais de educação.",DEETE,2023-07-28 10:16:48.684195
EAD202,SOCIOLOGIA E EDUCACAO I,Introdução aos principais fundamentos da sociologia; representações sociais; educação formal e educação não-formal; tempo e escola; cultura e escola.,DEETE,2023-07-28 10:16:48.684195
EAD207,HISTORIA E EDUCACAO II,"Conhecimentos e competências inerentes ao ensino de História na escola de ensino fundamental. O papel do aluno na construção da identidade histórica, social e pessoal, bem como da compreensão da interação entre a natureza e a sociedade na construção do espaço. Os princípios e conceitos que devem propiciar leituras críticas dos espaços, da cultura e das histórias da vida cotidiana e de nosso povo.",DEETE,2023-07-28 10:16:48.684195
EAD214,PSICOLOGIA I,"Introdução ao estudo da Psicologia, psicologia da educação: relações estabelecidas entre a psicologia do desenvolvimento, da aprendizagem, da personalidade e a psicologia social. A Psicologia do Esporte. O entendimento dos fatores psicológicos relacionados ao esporte e o desenvolvimento humano. Os processos psicológicos básicos e a relação com atividade física. ",DEETE,2023-07-28 10:16:48.684195
EAD226,ETICA E EDUCACAO,Fundamentos da Ética: a convivência social. O espaço escolar como espaço de vivência dos valores. As relações interpessoais. Ética na educação de crianças e adolescentes. O conflito e as situações problema. A construção do espaço democrático: o estabelecimento coletivo de regras e disciplina. Votar e ser votado.,DEETE,2023-07-28 10:16:48.684195
EAD232,PSICOLOGIA III,"As teorias da aprendizagem e o processo educativo. Concepções e Abordagens da aprendizagem e do ensino. A
dinâmica da sala de aula os aspectos psicossociais do processo de ensino-aprendizagem. Compreensão do
processo de aprendizagem, especialmente no que diz respeito à inter-relação das dimensões cognitiva e afetiva
que o constitui. Análise deste processo na sua relação com os diferentes momentos evolutivos do ser humano e na
perspectiva das múltiplas interações que o ensinar e o aprender implicam.",DEETE,2023-07-28 10:16:48.684195
EAD254,ARTE E EDUCACAO,"A criança e o imaginário. Função e princípio da Arte/Educação. O fazer criativo e processo de alfabetização. Oficinas (experimentação/pesquisa): desenho, pintura, modelagem, construção, recorte/colagem.",DEETE,2023-07-28 10:16:48.684195
EAD257,ATIVIDADES ACADEMICO/CIENTIFICO/CULTURAL III,,DEETE,2023-07-28 10:16:48.684195
EAD259,EDUCACAO ABERTA E A DISTANCIA,"Fundamentos da EAD: autonomia do aluno, relação entre tutoria e aprendizagem. O ato de estudar por meio do ambiente virtual: a plataforma Moodle e seus recursos pedagógicos. A pesquisa em ambientes virtuais: busca em sites e bibliotecas virtuais. O aluno como desencadeador do seu processo de aprendizagem.",DEETE,2023-07-28 10:16:48.684195
EAD261,PROCESSOS EDUCACIONAIS DE INCLUSAO E EXCLUSAO,,DEETE,2023-07-28 10:16:48.684195
EAD263,FILOSOFIA E EDUCACAO I,"Caracterização da reflexão e da prática filosófica. Grandes temas e questões que mais diretamente incidem sobre
o educacional: cultura, valores, experiências institucionais; método e conteúdo em educação. Compreensão e
vivência da Filosofia como reflexão humana sistemática sobre a complexidade do mundo (EPISTEMOLOGIA); do
homem no mundo (AXIOLOGIA e ÉTICA) e as conseqüências desta reflexão para o educador em sua prática
profissional (PRAXIOLOGIA).",DEETE,2023-07-28 10:16:48.684195
EAD273,ENSINO E APRENDIZAGEM DE HISTORIA I,"O ensino da História e a formação do educador: aspectos metodológicos; a questão da interpretação e a utilização de documentos escritos, orais, visuais, iconográficos. Aspectos significativos e propulsores das discussões de um ensino atual que envolva análise e discussão do livro didático como mediador da formação de conceitos e as diversas propostas curriculares inerentes á diversidade das práticas escolares presentes no cotidiano. Os Parâmetros Curriculares Nacionais e o ensino de História no ensino fundamental.",DEETE,2023-07-28 10:16:48.684195
EAD283,ATIVIDADES ACADEMICO/CIENTIFICO/CULTURAL I,"Apresentação, discussão, debates, palestras, workshops, videoconferências, aulas magnas, de temas educacionais atuais que permitam tanto uma ampliação e um aprofundamento do conhecimento educacional, como a percepção da relação das questões educacionais com as sociais, econômicas, políticas e culturais.",DEETE,2023-07-28 10:16:48.684195
EAD288,ENSINO E APRENDIZAGEM DE LINGUAGEM III,,DEETE,2023-07-28 10:16:48.684195
EAD291,ENSINO E APRENDIZAGEM DE CIENCIAS DO AMBIENTE I,"O ensino de Ciências Naturais: tendências, pressupostos teórico-metodológicos. Epistemologia e o ensino de Ciências: Biologia, Física e Química. Os conteúdos básicos de Ciências para o ensino  fundamental. 
Os Parâmetros Curriculares Nacionais e o ensino de Ciências. 
Procedimentos metodológicos para o ensino de Ciências no Ensino Fundamental. Planejamento de atividades de ensino.
",DEETE,2023-07-28 10:16:48.684195
EAD292,ENSINO E APRENDIZAGEM DE LINGUAGEM IV,,DEETE,2023-07-28 10:16:48.684195
EAD293,ESTAGIO SUPERVISIONADO II,,DEETE,2023-07-28 10:16:48.684195
EAD294,ATIVIDADES ACADEMICO/CIENTIFICO/CULTURAL II,"Apresentação, discussão, debates, palestras, workshops, ideoconferências, aulas magnas, de temas educacionais atuais que permitam, tanto uma ampliação e um aprofundamento do conhecimento educacional, como a percepção da relação das questões educacionais com as sociais, econômicas, políticas e culturais.",DEETE,2023-07-28 10:16:48.684195
EAD297,ENSINO E APRENDIZAGEM DE CIENCIAS DO AMBIENTE II,Cidadania  e  finalidades  do  ensino  de  Ciências  e Meio  Ambiente  no mundo contemporâneo.  Fundamentos  teórico-metodológicos  do  ensino  de  Física. O uso  de  recursos  didáticos  para  o  ensino  de  Física.  Procedimentos metodológicos  para  o  ensino  de  Física  no  Ensino  Fundamental.  Atividade práticas relativas aos conceitos de física integrados ao fenômeno natural.,DEETE,2023-07-28 10:16:48.684195
EAD400,ESTAGIO SUPERVISIONADO III,,DEETE,2023-07-28 10:16:48.684195
EAD511,ESTAGIO SUPERVISIONADO DE ENSINO VI,"O ensino e a aprendizagem de matemática no Ensino Médio a partir dos documentos oficiais: LDBEN, Parâmetros Curriculares do Ensino Médio (PCNEM) e Proposta Curricular do Estado de Minas Gerais.
 Observação, análise e interpretação de problemas concretos das organizações escolares em aulas reais das três séries do Ensino Médio, considerando a escola: organização, currículo, contextualização, etc. O aluno (relacionamento com os colegas, professores, personalidade, formas de aprendizado, etc), o professor (objetivos, conteúdos, processos ensino-aprendizagem, formas de organização do ensino, meios de ensino, e sistema de avaliação), a comunidade (contextualização, relação com a escola, Associações de Pais e Mestres, Associações de bairro, Colegiados, etc). 
 As categorias didáticas: objetivos, conteúdos, métodos, formas organizativas, meios de ensino e avaliação da aprendizagem. 
 Estudo de propostas para o ensino a partir da legislação atual, dos livros didáticos de matemática e das categorias didáticas
 Análise de livros didáticos de matemática do ensino médio á luz dos documentos oficiais e das observações na sala de aula.
 Reflexão sobre os problemas e criação de propostas alternativas no ensino e aprendizagem dos tópicos: Contagem e Probabilidades, a partir da legislação atual, do contexto e das categorias didáticas. Implementação das mesmas por meio de oficinas com colegas e/ou em escolas da região. Planejamento e regência de aulas em escolas do Ensino Médio, no 2º ano. Avaliações e discussões em grupos.
",DEETE,2023-07-28 10:16:48.684195
EAD534,INTRODUCAO A ALGEBRA,"Teoria de grupos. Anéis. Ideais e homomorfismos. Anéis de polinômios a uma variável. Algoritmo de Euclides, ideais e fatorização.",DEETE,2023-07-28 10:16:48.684195
EAD543,ESTAGIO SUPERVISIONADO DE ENSINO V,"O ensino e a aprendizagem de matemática no Ensino Médio a partir dos documentos oficiais: LDBEN, Parâmetros Curriculares do Ensino Médio (PCNEM) e Proposta Curricular do Estado de Minas Gerais.
 Observação, análise e interpretação de problemas concretos das organizações escolares em aulas reais das três séries do Ensino Médio, considerando a escola: organização, currículo, contextualização, etc. O aluno (relacionamento com os colegas, professores, personalidade, formas de aprendizado, etc), o professor (objetivos, conteúdos, processos ensino-aprendizagem, formas de organização do ensino, meios de ensino, e sistema de avaliação), a comunidade (contextualização, relação com a escola, Associações de Pais e Mestres, Associações de bairro, Colegiados, etc). 
 As categorias didáticas: objetivos, conteúdos, métodos, formas organizativas, meios de ensino e avaliação da aprendizagem. 
 Estudo de propostas para o ensino a partir da legislação atual, dos livros didáticos de matemática e das categorias didáticas
 Análise de livros didáticos de matemática do ensino médio á luz dos documentos oficiais e das observações na sala de aula.
 Reflexão sobre os problemas e criação de propostas alternativas no ensino e aprendizagem dos tópicos: Números reais e funções, a partir da legislação atual, do contexto e das categorias didáticas. Implementação das mesmas por meio de oficinas com colegas e/ou em escolas da região. Planejamento e regência de aulas em escolas do Ensino Médio, no 1º ano. Avaliações e discussões em grupos.
",DEETE,2023-07-28 10:16:48.684195
EAD549,FUNDAMENTOS FILOSOFICOS E SOCIOLOGICOS DA EDUCACAO,"Realizar análise crítica do cotidiano pedagógico-escolar em sua relação com a realidade sócio-econômico-política para compreender a relação teórico-prática da educação em seu contexto, sob o ponto de vista progressista, dialético, holístico e ético, visando desenvolver a autonomia, o senso crítico e ético em relação à sociedade, ao homem, à educação e ao cotidiano escolar. Desenvolver autonomia de pensamento, através de uma metodologia participativa e dialógica, de debates de respeito á elaboração pessoal.",DEETE,2023-07-28 10:16:48.684195
EAD614,LIBRAS,"Histórico e concepções da Língua Brasileira de Sinais. Diferentes abordagens da Libras.  Deficiência auditiva e surdez: conceitos, cultura e a relação histórica com a língua dos sinais, características e diferenças. Gramática / estrutura da língua. Noções básicas de tradução e interpretação.",DEETE,2023-07-28 10:16:48.684195
EAD618,GEOPROCESSAMENTO,"Introdução ao Geoprocessamento e os procedimentos didático-pedagógicos de coleta, manipulação, análise e gerenciamento de dados. Aplicação prática de modelos digitais, mapeamento por computador. Utilização de modelos digitais e imagens na educação básica como forma de linguagem e comunicação visual.",DEETE,2023-07-28 10:16:48.684195
EAD700,PRATICA DE LEITURA E PRODUCAO DE TEXTOS,"Apropriação dos conhecimentos necessários à produção dos gêneros acadêmicos: resumo; resenha; artigo; 
planejamento de projeto de pesquisa
",DEETE,2023-07-28 10:16:48.684195
EAD707,COMUNICACAO E EXPRESSAO,"A leitura e produção de gêneros textuais acadêmicos: fichamento; resumo; resenha; artigo científico.
",DEETE,2023-07-28 10:16:48.684195
MIF107,INTEGRACAO DAS TECNOLOGIAS DIGITAIS DA INFORMACAO E COMUNICACAO AO CURRICULO,A inserção das Tecnologias Digitais da Informação e Comunicação – TDIC em espaços escolares e não escolares. Novas formas de organização do trabalho pedagógico com as TDIC. O uso de diferentes linguagens em conteúdos do ensino fundamental. Contribuições das TDIC face à prática pedagógica no ensino fundamental.,DEETE,2023-07-28 10:16:48.684195
MIF141,GEOGRAFIA HISTORICA DA ALIMENTACAO NO BRASIL: INTRODUCAO,"ALIMENTAR-SE BEM E SABER A ORIGEM DOS ALIMENTOS, COMO SÃO HISTORICAMENTE
CONSTRUÍDOS OS HÁBITOS ALIMENTARES. AS DEFINIÇÕES DE CÂMARA CASCUDO, GILBERTO FREYRE
E FERNAND BRAUDEL. INDÍGENAS E PORTUGUESES: AS SOCIEDADES DA MANDIOCA, DO MILHO E DO
AÇÚCAR. A PRESENÇA DAS SOCIEDADES AFRICANAS: BANTOS, HAUÇÁS, JEJES E YORUBAS:
TÉCNICAS E ALIMENTOS. EM QUAIS ASPECTOS A CULTURA DE UMA REGIÃO PODE SER ENTENDIDA A
PARTIR DOS ALIMENTOS. É POSSÍVEL LAPIDAR O APRENDIZADO A PARTIR DO ESTUDO SOBRE A
COMIDA? EM QUE NÍVEL AS ESCOLHAS CULTURAIS DOS ALIMENTOS INTERFEREM NO APRENDIZADO?",DEETE,2023-07-28 10:16:48.684195
MIF142,INTRODUCAO A HISTORIA ORAL,"A HISTÓRIA ORAL COMO METODOLOGIA DE PESQUISA: SUAS ORIGENS E FUNDAMENTOS. AS
TÉCNICAS BÁSICAS DA HISTÓRIA ORAL: METODOLOGIA, FORMAS DE ABORDAGEM NAS ENTREVISTAS,
FORMAS DE ANÁLISE. O PAPEL DA HISTÓRIA ORAL NA EDUCAÇÃO. A HISTÓRIA ORAL COMO FONTE
PARA O ENTENDIMENTO SOBRE AS EXPERIÊNCIAS PEDAGÓGICAS E INFLUÊNCIAS DAS POLÍTICAS
PÚBLICAS NAS ESCOLAS. A HISTÓRIA ORAL COMO ESCOPO PARA SE PESQUISAR O QUE É SER
PROFESSOR E FORMAS DE ENSINAR",DEETE,2023-07-28 10:16:48.684195
MIF143,INTRODUCAO AO PENSAMENTO COMPUTACIONAL E A PROGRAMACAO NA EDUCACAO,"Pensamento Computacional: definição e pilares. Pensamento Computacional e a BNCC. Noção de
algoritmos. Atividades desplugadas. Linguagem de programação. Programação em blocos.",DEETE,2023-07-28 10:16:48.684195
MIF154,A TEMATICA AMBIENTAL E A FORMACAO DOCENTE,A formação docente voltada para o meio ambiente e a responsabilidade da ação antrópica para a garantia da vida. Percepção dos diferentes espaços e lugares em relação a degradação ambiental e a preservação do meio ambiente. As diferentes ações no contexto ambiental e a sustentabilidade.,DEETE,2023-07-28 10:16:48.684195
MIF178,METODOLOGIAS EDUCACIONAIS INOVADORAS COM O USO DAS TECNOLOGIAS DIGITAIS DA INFORMACAO E COMUNICACAO,"Educação, tecnologias e inovação na era digital. A formação profissional docente para o uso de tecnologias. Metodologias e inovações pedagógicas ancoradas em tecnologias. Os princípios das metodologias ativas de ensino. Abordagem teórica e metodologias de aprendizagem centrada no estudante. Elaboração de projetos pedagógicos-tecnológicos para o ensino fundamental e médio. ",DEETE,2023-07-28 10:16:48.684195
